timestamp_utc,est_time,market,decision,buy_side,entry_price,exit_price,pnl,outcome,entry_remaining_secs,secs_to_60c,secs_to_70c,leader_bid_depth,leader_bid_70plus,other_bid_depth,depth_ratio,spread_at_buy,bid_levels_at_buy,btc_start,btc_at_buy,btc_at_end,btc_move_dollars,avg_spread,max_spread,spread_widened_before_exit,prev_window_side,prev_window_outcome,was_choppy,yes_high,no_high
2026-03-05 21:00:10,16:00:10,"Bitcoin Up or Down - March 5, 3:55PM-4:00PM ET",skip-no-leader,,0.0,0.0,0.0,skipped-no-leader,0.0,0,0,0.0,0.0,0.0,0,0.0,0,71237.86,0.0,71248.53,10.67,0.005,0.01,False,,,False,0.99,0.01
2026-03-05 21:04:07,16:04:07,"Bitcoin Up or Down - March 5, 4:00PM-4:05PM ET",buy,Up,0.76,0.97,5.53,tp,155.0,61.7,72.5,10615.0,2685.0,1975.0,5.37,0.01,76,71248.53,71299.92,71326.44,77.91,0.0111,0.02,False,,,False,0.97,0.41
2026-03-05 21:09:58,16:09:58,"Bitcoin Up or Down - March 5, 4:05PM-4:10PM ET",buy,Down,0.72,1.0,7.78,resolved-win,177.0,61.6,82.3,8253.0,229.0,1967.0,4.2,0.01,72,71335.51,71300.37,71329.53,5.98,0.0117,0.02,True,Up,tp,False,0.42,0.91
2026-03-05 21:14:57,16:14:57,"Bitcoin Up or Down - March 5, 4:10PM-4:15PM ET",buy,Down,0.77,1.0,5.97,resolved-win,178.0,51.7,51.7,8118.0,1543.0,1582.0,5.13,0.01,77,71330.38,71290.39,71301.71,28.67,0.0108,0.02,False,Down,resolved-win,False,0.34,0.98
2026-03-05 21:17:42,16:17:42,"Bitcoin Up or Down - March 5, 4:15PM-4:20PM ET",buy,Up,0.86,0.97,2.56,tp,179.0,71.9,71.9,8217.0,3406.0,662.0,12.42,0.03,86,71301.7,71396.85,71484.11,182.41,0.02,0.05,False,Down,resolved-win,False,0.97,0.41
2026-03-05 21:24:34,16:24:34,"Bitcoin Up or Down - March 5, 4:20PM-4:25PM ET",buy,Down,0.75,0.96,5.6,tp,160.0,123.9,134.2,8346.0,2583.0,1134.0,7.36,0.01,75,71477.46,71423.81,71432.21,45.25,0.0114,0.02,False,Up,tp,False,0.55,0.96
2026-03-05 21:28:52,16:28:52,"Bitcoin Up or Down - March 5, 4:25PM-4:30PM ET",buy,Down,0.79,0.2,-14.94,sl,171.0,103.3,113.6,8989.0,3010.0,1215.0,7.4,0.01,79,71484.49,71442.0,71518.43,33.94,0.0112,0.03,False,Down,tp,True,0.79,0.85
2026-03-05 21:35:03,16:35:03,"Bitcoin Up or Down - March 5, 4:30PM-4:35PM ET",skip-choppy,,0.0,0.0,0.0,skipped-choppy,0.0,0,0,0.0,0.0,0.0,0,0.0,0,71526.0,0.0,71422.45,103.55,0.0143,0.09,False,Down,sl,True,0.68,0.99
2026-03-05 21:40:02,16:40:02,"Bitcoin Up or Down - March 5, 4:35PM-4:40PM ET",skip-no-leader,,0.0,0.0,0.0,skipped-no-leader,0.0,0,0,0.0,0.0,0.0,0,0.0,0,71422.45,0.0,71138.91,283.54,0.0074,0.02,False,Down,sl,False,0.18,0.99
2026-03-05 21:44:30,16:44:30,"Bitcoin Up or Down - March 5, 4:40PM-4:45PM ET",buy,Up,0.81,0.95,3.46,tp,71.0,61.6,82.3,9911.0,2958.0,946.0,10.48,0.02,81,71138.91,71184.67,71188.99,50.08,0.0124,0.02,False,Down,sl,False,0.95,0.45
2026-03-05 21:49:08,16:49:08,"Bitcoin Up or Down - March 5, 4:45PM-4:50PM ET",buy,Up,0.71,0.97,7.32,tp,144.0,61.5,102.8,8487.0,243.0,1262.0,6.72,0.03,71,71189.0,71229.23,71276.45,87.45,0.0111,0.03,False,Up,tp,False,0.97,0.36
2026-03-05 21:52:24,16:52:24,"Bitcoin Up or Down - March 5, 4:50PM-4:55PM ET",buy,Down,0.9,0.97,1.56,tp,176.0,103.2,103.2,12744.0,7234.0,742.0,17.17,0.01,90,71315.0,71220.01,71136.53,178.47,0.0122,0.02,False,Up,tp,False,0.52,0.97
2026-03-05 21:57:54,16:57:54,"Bitcoin Up or Down - March 5, 4:55PM-5:00PM ET",buy,Up,0.84,0.96,2.86,tp,177.0,51.3,51.3,12941.0,6011.0,1313.0,9.86,0.01,84,71061.6,71106.73,71159.31,97.71,0.0108,0.02,False,Down,tp,False,0.96,0.35
2026-03-05 22:04:57,17:04:57,"Bitcoin Up or Down - March 5, 5:00PM-5:05PM ET",buy,Up,0.8,1.0,5.0,resolved-win,179.0,82.3,102.9,10965.0,3302.0,1437.0,7.63,0.01,80,71178.65,71206.65,71155.66,22.99,0.0143,0.04,False,Up,tp,False,0.9,0.54
2026-03-05 22:09:56,17:09:56,"Bitcoin Up or Down - March 5, 5:05PM-5:10PM ET",buy,Up,0.77,0.0,-20.0,resolved-loss,179.0,61.6,71.9,8619.0,1808.0,1594.0,5.41,0.01,77,71111.67,71171.39,71105.0,6.67,0.0183,0.17,True,Up,resolved-win,True,0.93,0.79
2026-03-05 22:14:24,17:14:24,"Bitcoin Up or Down - March 5, 5:10PM-5:15PM ET",buy,Up,0.7,0.27,-12.29,sl,139.0,82.3,154.6,8060.0,6.0,2125.0,3.79,0.01,70,71124.2,71152.02,71108.89,15.31,0.011,0.02,False,Up,resolved-loss,True,0.7,0.72
2026-03-05 22:20:04,17:20:04,"Bitcoin Up or Down - March 5, 5:15PM-5:20PM ET",skip-choppy,,0.0,0.0,0.0,skipped-choppy,0.0,0,0,0.0,0.0,0.0,0,0.0,0,71171.23,0.0,71264.22,92.99,0.0122,0.04,False,Up,sl,True,0.99,0.62
2026-03-05 22:25:03,17:25:03,"Bitcoin Up or Down - March 5, 5:20PM-5:25PM ET",skip-choppy,,0.0,0.0,0.0,skipped-choppy,0.0,0,0,0.0,0.0,0.0,0,0.0,0,71264.22,0.0,71281.39,17.17,0.0117,0.02,True,Up,sl,True,0.6,0.66
2026-03-05 22:28:50,17:28:50,"Bitcoin Up or Down - March 5, 5:25PM-5:30PM ET",buy,Down,0.9,0.96,1.33,tp,132.0,61.7,61.7,9344.0,5423.0,921.0,10.14,0.02,90,71281.39,71114.47,71118.64,162.75,0.0106,0.02,False,Up,sl,False,0.29,0.96
2026-03-05 22:34:50,17:34:50,"Bitcoin Up or Down - March 5, 5:30PM-5:35PM ET",buy,Up,0.72,0.98,7.22,tp,71.0,61.6,226.8,5308.0,825.0,1231.0,4.31,0.01,71,71227.2,71171.67,71192.44,34.76,0.0113,0.02,False,Down,tp,False,0.98,0.53
2026-03-05 22:44:49,17:44:49,"Bitcoin Up or Down - March 5, 5:40PM-5:45PM ET",buy,Up,0.79,0.98,4.81,tp,176.0,61.6,61.6,7342.0,1860.0,1304.0,5.63,0.01,79,71162.84,71264.01,71249.93,87.09,0.0135,0.04,False,Up,tp,False,0.98,0.25
2026-03-05 22:49:27,17:49:27,"Bitcoin Up or Down - March 5, 5:45PM-5:50PM ET",buy,Up,0.7,0.21,-14.0,sl,126.0,51.3,164.8,2864.0,39.0,1925.0,1.49,0.01,58,71292.86,71321.23,71258.97,33.89,0.0114,0.02,False,Up,tp,True,0.7,0.78
2026-03-05 22:54:46,17:54:46,"Bitcoin Up or Down - March 5, 5:50PM-5:55PM ET",buy,Up,0.71,0.15,-15.77,sl,106.0,82.2,102.8,3379.0,95.0,1311.0,2.58,0.01,62,71241.72,71309.91,71233.75,7.97,0.0127,0.05,True,Up,sl,True,0.85,0.81
2026-03-05 22:59:56,17:59:56,"Bitcoin Up or Down - March 5, 5:55PM-6:00PM ET",buy,Up,0.79,0.0,-20.0,resolved-loss,179.0,61.6,61.6,8412.0,2528.0,1427.0,5.9,0.01,79,71224.92,71309.93,71210.5,14.42,0.0126,0.02,False,Up,sl,True,0.89,0.93
2026-03-05 23:04:55,18:04:55,"Bitcoin Up or Down - March 5, 6:00PM-6:05PM ET",buy,Up,0.71,1.0,8.17,resolved-win,149.0,123.6,144.2,8193.0,387.0,1151.0,7.12,0.04,71,71223.68,71241.87,71206.77,16.91,0.0148,0.04,True,Up,resolved-loss,False,0.93,0.59
2026-03-05 23:15:04,18:15:04,"Bitcoin Up or Down - March 5, 6:10PM-6:15PM ET",skip-no-leader,,0.0,0.0,0.0,skipped-no-leader,0.0,0,0,0.0,0.0,0.0,0,0.0,0,71230.49,0.0,71197.02,33.47,0.0117,0.03,False,Up,resolved-win,False,0.54,0.9
2026-03-05 23:20:02,18:20:02,"Bitcoin Up or Down - March 5, 6:15PM-6:20PM ET",skip-no-leader,,0.0,0.0,0.0,skipped-no-leader,0.0,0,0,0.0,0.0,0.0,0,0.0,0,71197.02,0.0,71199.21,2.19,0.0161,0.08,True,Up,resolved-win,False,0.49,0.65
2026-03-05 23:25:01,18:25:01,"Bitcoin Up or Down - March 5, 6:20PM-6:25PM ET",skip-no-leader,,0.0,0.0,0.0,skipped-no-leader,0.0,0,0,0.0,0.0,0.0,0,0.0,0,71199.21,0.0,71201.02,1.81,0.0148,0.05,True,Up,resolved-win,False,0.53,0.63
2026-03-05 23:30:00,18:30:00,"Bitcoin Up or Down - March 5, 6:25PM-6:30PM ET",skip-no-leader,,0.0,0.0,0.0,skipped-no-leader,0.0,0,0,0.0,0.0,0.0,0,0.0,0,71201.02,0.0,71213.99,12.97,0.0143,0.06,False,Up,resolved-win,False,0.97,0.47
2026-03-05 23:33:16,18:33:16,"Bitcoin Up or Down - March 5, 6:30PM-6:35PM ET",buy,Down,0.73,0.98,6.85,tp,176.0,61.6,61.6,9291.0,1355.0,2023.0,4.59,0.01,73,71213.99,71091.76,70970.91,243.08,0.0136,0.03,False,Up,resolved-win,False,0.31,0.98
2026-03-05 23:39:37,18:39:37,"Bitcoin Up or Down - March 5, 6:35PM-6:40PM ET",buy,Up,0.73,0.98,6.85,tp,167.0,51.3,72.0,9775.0,545.0,1929.0,5.07,0.01,73,70919.4,70972.64,70987.67,68.27,0.01,0.01,False,Down,tp,False,0.98,0.34
2026-03-05 23:44:46,18:44:46,"Bitcoin Up or Down - March 5, 6:40PM-6:45PM ET",buy,Down,0.74,0.97,6.22,tp,179.0,61.7,113.3,6155.0,669.0,1218.0,5.05,0.04,74,70965.14,70854.6,70929.45,35.69,0.0141,0.04,False,Up,tp,False,0.44,0.97
2026-03-05 23:50:06,18:50:06,"Bitcoin Up or Down - March 5, 6:45PM-6:50PM ET",skip-no-leader,,0.0,0.0,0.0,skipped-no-leader,0.0,0,0,0.0,0.0,0.0,0,0.0,0,70906.98,0.0,70842.51,64.47,0.0122,0.02,False,Down,tp,False,0.55,0.98
2026-03-05 23:55:04,18:55:04,"Bitcoin Up or Down - March 5, 6:50PM-6:55PM ET",skip-no-leader,,0.0,0.0,0.0,skipped-no-leader,0.0,0,0,0.0,0.0,0.0,0,0.0,0,70842.51,0.0,70832.99,9.52,0.0148,0.05,False,Down,tp,False,0.84,0.57
2026-03-06 00:00:03,19:00:03,"Bitcoin Up or Down - March 5, 6:55PM-7:00PM ET",skip-choppy,,0.0,0.0,0.0,skipped-choppy,0.0,0,0,0.0,0.0,0.0,0,0.0,0,70832.99,0.0,70899.44,66.45,0.0148,0.03,True,Down,tp,True,0.92,0.64
2026-03-06 00:05:03,19:05:03,"Bitcoin Up or Down - March 5, 7:00PM-7:05PM ET",skip-choppy,,0.0,0.0,0.0,skipped-choppy,0.0,0,0,0.0,0.0,0.0,0,0.0,0,70899.44,0.0,70866.56,32.88,0.0135,0.03,False,Down,tp,True,0.89,0.66
2026-03-06 00:10:02,19:10:02,"Bitcoin Up or Down - March 5, 7:05PM-7:10PM ET",skip-choppy,,0.0,0.0,0.0,skipped-choppy,0.0,0,0,0.0,0.0,0.0,0,0.0,0,70866.56,0.0,70877.11,10.55,0.0143,0.03,True,Down,tp,True,0.69,0.68
2026-03-06 00:13:28,19:13:28,"Bitcoin Up or Down - March 5, 7:10PM-7:15PM ET",buy,Up,0.8,0.97,4.25,tp,174.0,72.1,103.1,6813.0,1978.0,945.0,7.21,0.01,80,70877.11,70984.61,71033.72,156.61,0.0113,0.02,False,Down,tp,False,0.97,0.5
2026-03-06 00:19:39,19:19:39,"Bitcoin Up or Down - March 5, 7:15PM-7:20PM ET",buy,Down,0.8,0.28,-13.0,sl,82.0,103.3,216.9,4219.0,1124.0,787.0,5.36,0.01,77,71018.3,70920.54,71012.97,5.33,0.0136,0.03,True,Up,tp,True,0.71,0.8
2026-03-06 00:24:59,19:24:59,"Bitcoin Up or Down - March 5, 7:20PM-7:25PM ET",buy,Down,0.77,0.0,-20.0,resolved-loss,166.0,61.6,133.9,7896.0,1900.0,988.0,7.99,0.01,77,71008.99,70934.82,71033.9,24.91,0.0171,0.15,True,Down,sl,True,0.74,0.77
2026-03-06 00:29:17,19:29:17,"Bitcoin Up or Down - March 5, 7:25PM-7:30PM ET",buy,Down,0.81,0.98,4.2,tp,177.0,51.3,72.0,7844.0,2819.0,1072.0,7.32,0.01,81,71016.09,70900.9,70919.0,97.09,0.0125,0.02,False,Down,resolved-loss,False,0.35,0.98
2026-03-06 00:35:07,19:35:07,"Bitcoin Up or Down - March 5, 7:30PM-7:35PM ET",skip-choppy,,0.0,0.0,0.0,skipped-choppy,0.0,0,0,0.0,0.0,0.0,0,0.0,0,70916.59,0.0,70942.49,25.9,0.0142,0.04,False,Down,tp,True,0.91,0.62
2026-03-06 00:40:06,19:40:06,"Bitcoin Up or Down - March 5, 7:35PM-7:40PM ET",skip-choppy,,0.0,0.0,0.0,skipped-choppy,0.0,0,0,0.0,0.0,0.0,0,0.0,0,70942.49,0.0,70934.75,7.74,0.0126,0.02,False,Down,tp,True,0.97,0.79
2026-03-06 00:44:14,19:44:14,"Bitcoin Up or Down - March 5, 7:40PM-7:45PM ET",buy,Down,0.71,0.27,-12.39,sl,159.0,123.6,133.9,6847.0,348.0,997.0,6.87,0.01,71,70934.75,70933.58,70964.19,29.44,0.0111,0.02,False,Down,tp,True,0.7,0.74
2026-03-06 00:55:03,19:55:03,"Bitcoin Up or Down - March 5, 7:50PM-7:55PM ET",skip-choppy,,0.0,0.0,0.0,skipped-choppy,0.0,0,0,0.0,0.0,0.0,0,0.0,0,70936.55,0.0,70950.66,14.11,0.0117,0.03,False,Down,sl,True,0.95,0.7
2026-03-06 01:00:02,20:00:02,"Bitcoin Up or Down - March 5, 7:55PM-8:00PM ET",skip-no-leader,,0.0,0.0,0.0,skipped-no-leader,0.0,0,0,0.0,0.0,0.0,0,0.0,0,70950.66,0.0,70983.22,32.56,0.0165,0.04,True,Down,sl,False,0.88,0.55
2026-03-06 01:05:02,20:05:02,"Bitcoin Up or Down - March 5, 8:00PM-8:05PM ET",skip-choppy,,0.0,0.0,0.0,skipped-choppy,0.0,0,0,0.0,0.0,0.0,0,0.0,0,70983.22,0.0,70912.17,71.05,0.0135,0.03,True,Down,sl,True,0.72,0.97
2026-03-06 01:10:00,20:10:00,"Bitcoin Up or Down - March 5, 8:05PM-8:10PM ET",skip-no-leader,,0.0,0.0,0.0,skipped-no-leader,0.0,0,0,0.0,0.0,0.0,0,0.0,0,70912.17,0.0,70917.06,4.89,0.0126,0.04,False,Down,sl,False,0.53,0.83
2026-03-06 01:15:10,20:15:10,"Bitcoin Up or Down - March 5, 8:10PM-8:15PM ET",skip-choppy,,0.0,0.0,0.0,skipped-choppy,0.0,0,0,0.0,0.0,0.0,0,0.0,0,70917.06,0.0,70767.5,149.56,0.0142,0.03,False,Down,sl,True,0.6,0.99
2026-03-06 01:19:48,20:19:48,"Bitcoin Up or Down - March 5, 8:15PM-8:20PM ET",buy,Up,0.72,0.99,7.5,tp,135.0,51.4,51.4,5790.0,172.0,1328.0,4.36,0.01,72,70767.5,70849.99,70867.14,99.64,0.0126,0.03,False,Down,sl,False,0.99,0.46
2026-03-06 01:25:08,20:25:08,"Bitcoin Up or Down - March 5, 8:20PM-8:25PM ET",skip-choppy,,0.0,0.0,0.0,skipped-choppy,0.0,0,0,0.0,0.0,0.0,0,0.0,0,70856.94,0.0,70840.75,16.19,0.0121,0.03,True,Up,tp,True,0.64,0.97
2026-03-06 01:30:07,20:30:07,"Bitcoin Up or Down - March 5, 8:25PM-8:30PM ET",skip-no-leader,,0.0,0.0,0.0,skipped-no-leader,0.0,0,0,0.0,0.0,0.0,0,0.0,0,70840.75,0.0,70487.13,353.62,0.0052,0.03,False,Up,tp,False,0.25,0.99
2026-03-06 01:35:06,20:35:06,"Bitcoin Up or Down - March 5, 8:30PM-8:35PM ET",skip-no-leader,,0.0,0.0,0.0,skipped-no-leader,0.0,0,0,0.0,0.0,0.0,0,0.0,0,70487.13,0.0,70944.73,457.6,0.0065,0.02,False,Up,tp,False,1.0,0.11
2026-03-06 01:38:11,20:38:11,"Bitcoin Up or Down - March 5, 8:35PM-8:40PM ET",buy,Up,0.72,0.94,6.11,tp,170.0,123.5,123.5,7393.0,1299.0,1459.0,5.07,0.01,72,70944.73,70943.58,70988.2,43.47,0.0115,0.02,False,Up,tp,False,0.94,0.53
2026-03-06 01:42:59,20:42:59,"Bitcoin Up or Down - March 5, 8:40PM-8:45PM ET",buy,Up,0.71,0.94,6.48,tp,172.0,61.6,61.6,8505.0,476.0,2079.0,4.09,0.01,71,71029.98,71086.65,71147.43,117.45,0.01,0.01,False,Up,tp,False,0.94,0.3
2026-03-06 01:50:02,20:50:02,"Bitcoin Up or Down - March 5, 8:45PM-8:50PM ET",skip-choppy,,0.0,0.0,0.0,skipped-choppy,0.0,0,0,0.0,0.0,0.0,0,0.0,0,71187.39,0.0,71174.92,12.47,0.0126,0.03,False,Up,tp,True,0.84,0.89
2026-03-06 01:54:09,20:54:09,"Bitcoin Up or Down - March 5, 8:50PM-8:55PM ET",buy,Up,0.85,0.96,2.59,tp,174.0,102.9,113.2,10374.0,3988.0,764.0,13.58,0.01,85,71174.92,71275.03,71237.31,62.39,0.0116,0.02,False,Up,tp,False,0.96,0.58
2026-03-06 01:59:29,20:59:29,"Bitcoin Up or Down - March 5, 8:55PM-9:00PM ET",buy,Up,0.76,0.97,5.53,tp,165.0,61.6,82.2,8472.0,2486.0,1223.0,6.92,0.01,76,71204.07,71259.75,71269.9,65.83,0.0129,0.03,False,Up,tp,False,0.97,0.37
2026-03-06 02:03:26,21:03:26,"Bitcoin Up or Down - March 5, 9:00PM-9:05PM ET",buy,Down,0.81,0.25,-13.83,sl,177.0,51.3,102.9,8644.0,3707.0,1028.0,8.41,0.01,81,71218.37,71186.0,71296.93,78.56,0.0113,0.02,False,Up,tp,True,0.74,0.85
2026-03-06 02:10:08,21:10:08,"Bitcoin Up or Down - March 5, 9:05PM-9:10PM ET",skip-choppy,,0.0,0.0,0.0,skipped-choppy,0.0,0,0,0.0,0.0,0.0,0,0.0,0,71200.0,0.0,71258.57,58.57,0.0108,0.03,False,Down,sl,True,0.99,0.63
2026-03-06 02:15:07,21:15:07,"Bitcoin Up or Down - March 5, 9:10PM-9:15PM ET",skip-choppy,,0.0,0.0,0.0,skipped-choppy,0.0,0,0,0.0,0.0,0.0,0,0.0,0,71258.57,0.0,71311.22,52.65,0.0129,0.05,False,Down,sl,True,0.99,0.67
2026-03-06 02:18:33,21:18:33,"Bitcoin Up or Down - March 5, 9:15PM-9:20PM ET",buy,Down,0.71,0.96,7.04,tp,138.0,102.9,102.9,6746.0,129.0,1016.0,6.64,0.03,61,71311.22,71268.89,71190.9,120.32,0.016,0.05,False,Down,sl,False,0.56,0.96
2026-03-06 02:25:04,21:25:04,"Bitcoin Up or Down - March 5, 9:20PM-9:25PM ET",skip-choppy,,0.0,0.0,0.0,skipped-choppy,0.0,0,0,0.0,0.0,0.0,0,0.0,0,71156.83,0.0,71204.99,48.16,0.0165,0.09,True,Down,tp,True,0.95,0.77
2026-03-06 02:29:12,21:29:12,"Bitcoin Up or Down - March 5, 9:25PM-9:30PM ET",buy,Up,0.78,0.98,5.13,tp,89.0,61.6,61.6,7970.0,2244.0,885.0,9.0,0.01,78,71204.99,71262.72,71295.11,90.12,0.0111,0.02,False,Down,tp,False,0.98,0.5
2026-03-06 02:34:00,21:34:00,"Bitcoin Up or Down - March 5, 9:30PM-9:35PM ET",buy,Down,0.86,0.97,2.56,tp,132.0,61.6,113.2,7146.0,1825.0,680.0,10.51,0.01,75,71355.71,71193.98,71182.94,172.77,0.0128,0.04,False,Up,tp,False,0.39,0.97
2026-03-06 02:40:01,21:40:01,"Bitcoin Up or Down - March 5, 9:35PM-9:40PM ET",skip-choppy,,0.0,0.0,0.0,skipped-choppy,0.0,0,0,0.0,0.0,0.0,0,0.0,0,71181.99,0.0,71247.47,65.48,0.0126,0.03,False,Down,tp,True,0.98,0.7
2026-03-06 02:44:08,21:44:08,"Bitcoin Up or Down - March 5, 9:40PM-9:45PM ET",buy,Up,0.71,0.94,6.48,tp,93.0,113.3,206.0,7406.0,493.0,1727.0,4.29,0.01,68,71247.47,71272.85,71330.33,82.86,0.0132,0.04,False,Down,tp,False,0.94,0.55
2026-03-06 02:50:08,21:50:08,"Bitcoin Up or Down - March 5, 9:45PM-9:50PM ET",skip-choppy,,0.0,0.0,0.0,skipped-choppy,0.0,0,0,0.0,0.0,0.0,0,0.0,0,71356.15,0.0,71284.71,71.44,0.0179,0.06,True,Up,tp,True,0.6,0.68
2026-03-06 02:53:55,21:53:55,"Bitcoin Up or Down - March 5, 9:50PM-9:55PM ET",buy,Down,0.71,0.94,6.48,tp,178.0,61.6,61.6,5278.0,209.0,2565.0,2.06,0.01,71,71284.71,71249.19,71238.13,46.58,0.0106,0.02,False,Up,tp,False,0.28,0.94
2026-03-06 03:00:05,22:00:05,"Bitcoin Up or Down - March 5, 9:55PM-10:00PM ET",skip-choppy,,0.0,0.0,0.0,skipped-choppy,0.0,0,0,0.0,0.0,0.0,0,0.0,0,71192.85,0.0,71250.77,57.92,0.0148,0.07,True,Down,tp,True,0.68,0.65
2026-03-06 03:13:08,22:13:08,"Bitcoin Up or Down - March 5, 10:10PM-10:15PM ET",buy,Down,0.75,0.96,5.6,tp,163.0,113.1,133.8,6228.0,1426.0,931.0,6.69,0.03,75,71236.75,71197.0,71093.71,143.04,0.0131,0.03,False,Down,tp,False,0.51,0.96
2026-03-06 03:20:01,22:20:01,"Bitcoin Up or Down - March 5, 10:15PM-10:20PM ET",skip-choppy,,0.0,0.0,0.0,skipped-choppy,0.0,0,0,0.0,0.0,0.0,0,0.0,0,71067.57,0.0,71075.4,7.83,0.0113,0.03,False,Down,tp,True,0.62,0.88
2026-03-06 03:23:58,22:23:58,"Bitcoin Up or Down - March 5, 10:20PM-10:25PM ET",buy,Up,0.7,0.99,8.29,tp,175.0,92.6,102.9,5086.0,4.0,1638.0,3.11,0.01,69,71075.4,71117.49,71212.19,136.79,0.0111,0.03,False,Down,tp,False,0.99,0.51
2026-03-06 03:29:38,22:29:38,"Bitcoin Up or Down - March 5, 10:25PM-10:30PM ET",buy,Down,0.81,0.94,3.21,tp,115.0,102.9,175.1,7118.0,1683.0,803.0,8.87,0.01,81,71187.12,71165.77,71154.46,32.66,0.0136,0.03,False,Up,tp,False,0.59,0.94
2026-03-06 03:35:07,22:35:07,"Bitcoin Up or Down - March 5, 10:30PM-10:35PM ET",skip-choppy,,0.0,0.0,0.0,skipped-choppy,0.0,0,0,0.0,0.0,0.0,0,0.0,0,71171.9,0.0,71153.9,18.0,0.0125,0.03,False,Down,tp,True,0.63,0.99
2026-03-06 03:39:14,22:39:14,"Bitcoin Up or Down - March 5, 10:35PM-10:40PM ET",buy,Down,0.78,0.14,-16.41,sl,148.0,61.6,61.6,9825.0,2158.0,1067.0,9.21,0.01,77,71153.9,71100.43,71179.51,25.61,0.0126,0.05,False,Down,tp,True,0.85,0.78
2026-03-06 03:50:03,22:50:03,"Bitcoin Up or Down - March 5, 10:45PM-10:50PM ET",skip-no-leader,,0.0,0.0,0.0,skipped-no-leader,0.0,0,0,0.0,0.0,0.0,0,0.0,0,71098.99,0.0,71081.0,17.99,0.0139,0.04,False,Down,sl,False,0.9,0.57
2026-03-06 03:55:01,22:55:01,"Bitcoin Up or Down - March 5, 10:50PM-10:55PM ET",skip-choppy,,0.0,0.0,0.0,skipped-choppy,0.0,0,0,0.0,0.0,0.0,0,0.0,0,71081.0,0.0,71067.9,13.1,0.0113,0.03,False,Down,sl,True,0.6,0.94
2026-03-06 03:58:58,22:58:58,"Bitcoin Up or Down - March 5, 10:55PM-11:00PM ET",buy,Down,0.71,0.23,-13.52,sl,154.0,61.6,82.2,6034.0,283.0,1441.0,4.19,0.01,71,71067.9,71030.93,71077.23,9.33,0.0111,0.02,False,Down,sl,True,0.69,0.71
2026-03-06 04:04:58,23:04:58,"Bitcoin Up or Down - March 5, 11:00PM-11:05PM ET",buy,Down,0.77,1.0,5.97,resolved-win,166.0,61.5,61.5,7082.0,1439.0,1097.0,6.46,0.01,77,71080.38,71023.46,71063.52,16.86,0.0238,0.18,True,Down,sl,True,0.69,0.89
2026-03-06 04:09:47,23:09:47,"Bitcoin Up or Down - March 5, 11:05PM-11:10PM ET",buy,Down,0.71,0.99,7.89,tp,167.0,123.4,123.4,4802.0,82.0,1583.0,3.03,0.03,71,71082.39,71019.8,70972.29,110.1,0.0126,0.03,False,Down,resolved-win,True,0.6,0.99
2026-03-06 04:13:54,23:13:54,"Bitcoin Up or Down - March 5, 11:10PM-11:15PM ET",buy,Down,0.74,0.95,5.68,tp,169.0,61.6,61.6,6171.0,410.0,1211.0,5.09,0.01,74,70969.99,70928.01,70920.89,49.1,0.01,0.01,False,Down,tp,False,0.4,0.95
2026-03-06 04:24:22,23:24:22,"Bitcoin Up or Down - March 5, 11:20PM-11:25PM ET",buy,Down,0.74,0.15,-15.95,sl,110.0,102.9,185.3,6240.0,1229.0,1283.0,4.86,0.01,74,70936.0,70890.89,70947.04,11.04,0.0155,0.05,True,Down,tp,True,0.81,0.74
2026-03-06 04:29:21,23:29:21,"Bitcoin Up or Down - March 5, 11:25PM-11:30PM ET",buy,Down,0.86,0.98,2.79,tp,173.0,82.6,92.9,8164.0,2960.0,786.0,10.39,0.01,86,70954.33,70886.6,70891.19,63.14,0.01,0.01,False,Down,sl,False,0.48,0.98
2026-03-06 04:33:59,23:33:59,"Bitcoin Up or Down - March 5, 11:30PM-11:35PM ET",buy,Down,0.78,0.17,-15.64,sl,174.0,71.9,92.6,8930.0,2595.0,1325.0,6.74,0.01,78,70871.89,70806.95,70907.08,35.19,0.0106,0.02,False,Down,tp,True,0.82,0.88
2026-03-06 04:37:45,23:37:45,"Bitcoin Up or Down - March 5, 11:35PM-11:40PM ET",buy,Down,0.79,0.94,3.8,tp,176.0,61.5,82.2,8041.0,2389.0,1235.0,6.51,0.01,79,70906.61,70834.11,70770.71,135.9,0.0118,0.02,False,Down,sl,False,0.34,0.94
2026-03-06 04:45:07,23:45:07,"Bitcoin Up or Down - March 5, 11:40PM-11:45PM ET",skip-no-leader,,0.0,0.0,0.0,skipped-no-leader,0.0,0,0,0.0,0.0,0.0,0,0.0,0,70714.76,0.0,70507.42,207.34,0.0075,0.02,False,Down,tp,False,0.08,1.0
2026-03-06 04:49:35,23:49:35,"Bitcoin Up or Down - March 5, 11:45PM-11:50PM ET",buy,Up,0.73,0.94,5.75,tp,169.0,123.5,123.5,7184.0,541.0,1153.0,6.23,0.01,73,70507.42,70570.36,70568.29,60.87,0.0162,0.12,False,Down,tp,False,0.94,0.54
2026-03-06 04:54:03,23:54:03,"Bitcoin Up or Down - March 5, 11:50PM-11:55PM ET",buy,Up,0.79,0.18,-15.44,sl,129.0,61.5,82.1,8681.0,2938.0,1293.0,6.71,0.01,79,70555.53,70599.64,70525.93,29.6,0.0111,0.03,False,Up,tp,True,0.86,0.81
2026-03-06 05:00:03,00:00:03,"Bitcoin Up or Down - March 5, 11:55PM-12:00AM ET",skip-choppy,,0.0,0.0,0.0,skipped-choppy,0.0,0,0,0.0,0.0,0.0,0,0.0,0,70509.73,0.0,70613.61,103.88,0.01,0.02,False,Up,sl,True,0.99,0.68
2026-03-06 05:05:01,00:05:01,"Bitcoin Up or Down - March 6, 12:00AM-12:05AM ET",skip-choppy,,0.0,0.0,0.0,skipped-choppy,0.0,0,0,0.0,0.0,0.0,0,0.0,0,70613.61,0.0,70640.63,27.02,0.0148,0.06,True,Up,sl,True,0.93,0.75
2026-03-06 05:08:17,00:08:17,"Bitcoin Up or Down - March 6, 12:05AM-12:10AM ET",buy,Down,0.71,0.96,7.04,tp,133.0,71.9,164.8,5216.0,145.0,1144.0,4.56,0.01,71,70640.63,70535.72,70472.83,167.8,0.015,0.05,False,Up,sl,False,0.48,0.96
2026-03-06 05:14:28,00:14:28,"Bitcoin Up or Down - March 6, 12:10AM-12:15AM ET",buy,Down,0.78,0.16,-15.9,sl,176.0,71.9,92.5,7653.0,1199.0,1299.0,5.89,0.01,78,70503.64,70407.1,70512.89,9.25,0.0152,0.06,True,Down,tp,True,0.78,0.82
2026-03-06 05:19:58,00:19:58,"Bitcoin Up or Down - March 6, 12:15AM-12:20AM ET",buy,Up,0.72,1.0,7.78,resolved-win,177.0,51.2,61.6,4629.0,245.0,1559.0,2.97,0.04,72,70599.99,70630.0,70605.54,5.55,0.0154,0.05,True,Down,sl,False,0.99,0.36
2026-03-06 05:23:55,00:23:55,"Bitcoin Up or Down - March 6, 12:20AM-12:25AM ET",buy,Down,0.78,0.96,4.62,tp,106.0,61.5,185.4,3773.0,30.0,718.0,5.25,0.03,65,70589.56,70524.01,70466.53,123.03,0.0141,0.03,True,Up,resolved-win,False,0.59,0.96
2026-03-06 05:29:55,00:29:55,"Bitcoin Up or Down - March 6, 12:25AM-12:30AM ET",buy,Down,0.7,0.0,-20.0,resolved-loss,139.0,61.5,154.3,6420.0,23.0,1759.0,3.65,0.01,70,70421.22,70352.7,70413.93,7.29,0.0178,0.1,True,Down,tp,False,0.53,0.72
2026-03-06 05:34:43,00:34:43,"Bitcoin Up or Down - March 6, 12:30AM-12:35AM ET",buy,Up,0.7,0.14,-16.0,sl,150.0,102.8,144.0,3592.0,9.0,1923.0,1.87,0.02,61,70380.05,70480.58,70389.92,9.87,0.0145,0.03,True,Down,resolved-loss,True,0.8,0.85
2026-03-06 05:39:42,00:39:42,"Bitcoin Up or Down - March 6, 12:35AM-12:40AM ET",buy,Up,0.7,0.22,-13.71,sl,162.0,102.8,133.7,7505.0,125.0,1807.0,4.15,0.01,70,70330.26,70376.7,70272.93,57.33,0.0114,0.02,False,Up,sl,True,0.91,0.77
2026-03-06 05:43:49,00:43:49,"Bitcoin Up or Down - March 6, 12:40AM-12:45AM ET",buy,Down,0.8,0.96,4.0,tp,153.0,71.9,82.2,9883.0,2405.0,1329.0,7.44,0.01,80,70312.3,70173.99,70185.46,126.84,0.0159,0.04,False,Up,sl,False,0.45,0.96
2026-03-06 05:50:10,00:50:10,"Bitcoin Up or Down - March 6, 12:45AM-12:50AM ET",skip-choppy,,0.0,0.0,0.0,skipped-choppy,0.0,0,0,0.0,0.0,0.0,0,0.0,0,70201.81,0.0,70156.91,44.9,0.0121,0.03,False,Down,tp,True,0.65,0.99
2026-03-06 05:54:07,00:54:07,"Bitcoin Up or Down - March 6, 12:50AM-12:55AM ET",buy,Up,0.76,0.98,5.79,tp,166.0,61.7,123.5,9346.0,1041.0,1197.0,7.81,0.01,76,70156.91,70214.18,70337.25,180.34,0.0147,0.04,True,Down,tp,False,0.98,0.44
2026-03-06 06:00:07,01:00:07,"Bitcoin Up or Down - March 6, 12:55AM-1:00AM ET",skip-choppy,,0.0,0.0,0.0,skipped-choppy,0.0,0,0,0.0,0.0,0.0,0,0.0,0,70367.02,0.0,70421.26,54.24,0.0133,0.04,False,Up,tp,True,0.99,0.7
2026-03-06 06:04:56,01:04:56,"Bitcoin Up or Down - March 6, 1:00AM-1:05AM ET",buy,Down,0.72,1.0,7.78,resolved-win,86.0,102.8,206.0,4649.0,84.0,1064.0,4.37,0.04,72,70421.26,70410.59,70432.17,10.91,0.0126,0.04,True,Up,tp,False,0.47,0.93
2026-03-06 06:09:13,01:09:13,"Bitcoin Up or Down - March 6, 1:05AM-1:10AM ET",buy,Down,0.77,0.95,4.68,tp,170.0,61.5,82.2,7888.0,2306.0,1419.0,5.56,0.01,77,70414.28,70356.91,70336.25,78.03,0.01,0.01,False,Down,resolved-win,False,0.34,0.95
2026-03-06 06:20:02,01:20:02,"Bitcoin Up or Down - March 6, 1:15AM-1:20AM ET",skip-choppy,,0.0,0.0,0.0,skipped-choppy,0.0,0,0,0.0,0.0,0.0,0,0.0,0,70314.53,0.0,70383.44,68.91,0.0165,0.12,True,Down,tp,True,0.89,0.67
2026-03-06 06:23:38,01:23:38,"Bitcoin Up or Down - March 6, 1:20AM-1:25AM ET",buy,Up,0.73,0.95,6.03,tp,164.0,61.6,61.6,5994.0,172.0,763.0,7.86,0.03,73,70383.44,70482.11,70503.41,119.97,0.0119,0.03,False,Down,tp,False,0.95,0.33
2026-03-06 06:28:47,01:28:47,"Bitcoin Up or Down - March 6, 1:25AM-1:30AM ET",buy,Down,0.72,0.96,6.67,tp,124.0,61.5,102.8,6992.0,309.0,1585.0,4.41,0.01,72,70517.84,70479.54,70439.48,78.36,0.0118,0.03,False,Up,tp,False,0.36,0.96
2026-03-06 06:34:59,01:34:59,"Bitcoin Up or Down - March 6, 1:30AM-1:35AM ET",buy,Down,0.8,1.0,5.0,resolved-win,156.0,113.2,133.8,7209.0,696.0,960.0,7.51,0.01,79,70425.91,70394.67,70392.24,33.67,0.0129,0.03,False,Down,tp,False,0.55,0.92
2026-03-06 06:38:25,01:38:25,"Bitcoin Up or Down - March 6, 1:35AM-1:40AM ET",buy,Up,0.71,0.96,7.04,tp,136.0,61.7,154.5,4062.0,90.0,1152.0,3.53,0.01,71,70399.34,70476.09,70507.94,108.6,0.018,0.08,False,Down,resolved-win,False,0.96,0.55
2026-03-06 06:45:06,01:45:06,"Bitcoin Up or Down - March 6, 1:40AM-1:45AM ET",skip-choppy,,0.0,0.0,0.0,skipped-choppy,0.0,0,0,0.0,0.0,0.0,0,0.0,0,70513.04,0.0,70662.88,149.84,0.007,0.01,False,Up,tp,True,0.99,0.62
2026-03-06 06:50:05,01:50:05,"Bitcoin Up or Down - March 6, 1:45AM-1:50AM ET",skip-choppy,,0.0,0.0,0.0,skipped-choppy,0.0,0,0,0.0,0.0,0.0,0,0.0,0,70662.88,0.0,70730.25,67.37,0.0099,0.04,False,Up,tp,True,1.0,0.62
2026-03-06 06:55:04,01:55:04,"Bitcoin Up or Down - March 6, 1:50AM-1:55AM ET",skip-no-leader,,0.0,0.0,0.0,skipped-no-leader,0.0,0,0,0.0,0.0,0.0,0,0.0,0,70730.25,0.0,70619.74,110.51,0.007,0.01,False,Up,tp,False,0.3,0.99
2026-03-06 07:00:03,02:00:03,"Bitcoin Up or Down - March 6, 1:55AM-2:00AM ET",skip-no-leader,,0.0,0.0,0.0,skipped-no-leader,0.0,0,0,0.0,0.0,0.0,0,0.0,0,70619.74,0.0,70613.13,6.61,0.0139,0.05,False,Up,tp,False,0.77,0.47
2026-03-06 07:05:03,02:05:03,"Bitcoin Up or Down - March 6, 2:00AM-2:05AM ET",skip-no-leader,,0.0,0.0,0.0,skipped-no-leader,0.0,0,0,0.0,0.0,0.0,0,0.0,0,70613.13,0.0,70778.83,165.7,0.0063,0.02,False,Up,tp,False,1.0,0.3
2026-03-06 07:09:10,02:09:10,"Bitcoin Up or Down - March 6, 2:05AM-2:10AM ET",buy,Down,0.72,0.96,6.67,tp,132.0,92.6,164.8,8650.0,389.0,1667.0,5.19,0.01,72,70778.83,70735.62,70711.2,67.63,0.0137,0.04,False,Up,tp,False,0.52,0.96
2026-03-06 07:15:00,02:15:00,"Bitcoin Up or Down - March 6, 2:10AM-2:15AM ET",skip-no-leader,,0.0,0.0,0.0,skipped-no-leader,0.0,0,0,0.0,0.0,0.0,0,0.0,0,70667.44,0.0,70560.66,106.78,0.0096,0.02,False,Down,tp,False,0.23,1.0
2026-03-06 07:18:16,02:18:16,"Bitcoin Up or Down - March 6, 2:15AM-2:20AM ET",buy,Up,0.79,0.95,4.05,tp,176.0,92.6,102.9,9614.0,3647.0,1152.0,8.34,0.01,79,70560.66,70634.93,70654.0,93.34,0.0114,0.02,False,Down,tp,False,0.95,0.52
2026-03-06 07:23:04,02:23:04,"Bitcoin Up or Down - March 6, 2:20AM-2:25AM ET",buy,Up,0.82,0.94,2.93,tp,178.0,51.3,51.3,9035.0,3016.0,958.0,9.43,0.01,82,70699.99,70738.37,70760.47,60.48,0.0115,0.02,False,Up,tp,False,0.94,0.23
2026-03-06 07:30:06,02:30:06,"Bitcoin Up or Down - March 6, 2:25AM-2:30AM ET",skip-choppy,,0.0,0.0,0.0,skipped-choppy,0.0,0,0,0.0,0.0,0.0,0,0.0,0,70740.01,0.0,70878.33,138.32,0.013,0.03,False,Up,tp,True,0.99,0.68
2026-03-06 07:33:22,02:33:22,"Bitcoin Up or Down - March 6, 2:30AM-2:35AM ET",buy,Up,0.77,0.97,5.19,tp,180.0,61.7,82.3,8712.0,2854.0,1187.0,7.34,0.01,77,70878.33,70917.21,70950.55,72.22,0.0129,0.03,False,Up,tp,False,0.97,0.38
2026-03-06 07:40:04,02:40:04,"Bitcoin Up or Down - March 6, 2:35AM-2:40AM ET",skip-choppy,,0.0,0.0,0.0,skipped-choppy,0.0,0,0,0.0,0.0,0.0,0,0.0,0,70954.54,0.0,70895.62,58.92,0.0113,0.04,False,Up,tp,True,0.69,0.99
2026-03-06 07:45:03,02:45:03,"Bitcoin Up or Down - March 6, 2:40AM-2:45AM ET",skip-no-leader,,0.0,0.0,0.0,skipped-no-leader,0.0,0,0,0.0,0.0,0.0,0,0.0,0,70895.62,0.0,71075.52,179.9,0.0074,0.02,False,Up,tp,False,1.0,0.17
2026-03-06 07:49:41,02:49:41,"Bitcoin Up or Down - March 6, 2:45AM-2:50AM ET",buy,Up,0.84,0.95,2.62,tp,173.0,71.9,82.2,12204.0,5777.0,1540.0,7.92,0.01,84,71075.52,71162.31,71116.0,40.48,0.0118,0.04,False,Up,tp,False,0.95,0.4
2026-03-06 07:59:08,02:59:08,"Bitcoin Up or Down - March 6, 2:55AM-3:00AM ET",buy,Down,0.72,0.95,6.39,tp,175.0,61.5,61.5,8902.0,1060.0,1960.0,4.54,0.01,72,71118.0,71084.56,71071.43,46.57,0.0142,0.07,False,Up,tp,False,0.36,0.95
2026-03-06 08:03:46,03:03:46,"Bitcoin Up or Down - March 6, 3:00AM-3:05AM ET",buy,Down,0.88,0.95,1.59,tp,177.0,51.3,51.3,11583.0,6108.0,678.0,17.08,0.02,88,71054.89,70954.0,70970.58,84.31,0.0129,0.02,False,Down,tp,False,0.29,0.95
2026-03-06 08:09:57,03:09:57,"Bitcoin Up or Down - March 6, 3:05AM-3:10AM ET",buy,Down,0.76,1.0,6.32,resolved-win,75.0,102.8,216.2,6936.0,1963.0,2135.0,3.25,0.01,76,70956.07,70907.12,70935.77,20.3,0.0126,0.03,False,Down,tp,False,0.52,0.97
2026-03-06 08:15:06,03:15:06,"Bitcoin Up or Down - March 6, 3:10AM-3:15AM ET",skip-choppy,,0.0,0.0,0.0,skipped-choppy,0.0,0,0,0.0,0.0,0.0,0,0.0,0,70897.22,0.0,70947.91,50.69,0.0157,0.09,True,Down,resolved-win,True,0.84,0.66
2026-03-06 08:20:05,03:20:05,"Bitcoin Up or Down - March 6, 3:15AM-3:20AM ET",skip-choppy,,0.0,0.0,0.0,skipped-choppy,0.0,0,0,0.0,0.0,0.0,0,0.0,0,70947.91,0.0,70960.92,13.01,0.0126,0.03,False,Down,resolved-win,True,0.98,0.85
2026-03-06 08:23:21,03:23:21,"Bitcoin Up or Down - March 6, 3:20AM-3:25AM ET",buy,Down,0.81,0.97,3.95,tp,171.0,61.6,61.6,10846.0,3287.0,1669.0,6.5,0.01,81,70960.92,70920.04,70898.02,62.9,0.0107,0.02,False,Down,resolved-win,False,0.27,0.97
2026-03-06 08:30:02,03:30:02,"Bitcoin Up or Down - March 6, 3:25AM-3:30AM ET",skip-choppy,,0.0,0.0,0.0,skipped-choppy,0.0,0,0,0.0,0.0,0.0,0,0.0,0,70893.39,0.0,70907.78,14.39,0.0135,0.06,False,Down,tp,True,0.99,0.69
2026-03-06 08:32:48,03:32:48,"Bitcoin Up or Down - March 6, 3:30AM-3:35AM ET",buy,Up,0.72,0.94,6.11,tp,173.0,124.1,124.1,7838.0,212.0,1748.0,4.48,0.01,71,70907.78,70984.91,71018.24,110.46,0.0118,0.02,True,Down,tp,False,0.94,0.55
2026-03-06 08:38:17,03:38:17,"Bitcoin Up or Down - March 6, 3:35AM-3:40AM ET",buy,Up,0.79,0.19,-15.19,sl,174.0,62.0,62.0,11603.0,4799.0,1467.0,7.91,0.01,79,70935.91,71010.25,70892.44,43.47,0.0114,0.03,False,Up,tp,True,0.86,0.8
2026-03-06 08:44:59,03:44:59,"Bitcoin Up or Down - March 6, 3:40AM-3:45AM ET",buy,Up,0.74,1.0,7.03,resolved-win,176.0,61.6,61.6,6447.0,607.0,1803.0,3.58,0.01,74,70912.93,70968.14,70914.05,1.12,0.015,0.08,False,Up,sl,False,0.88,0.54
2026-03-06 08:49:59,03:49:59,"Bitcoin Up or Down - March 6, 3:45AM-3:50AM ET",buy,Up,0.71,0.0,-20.0,resolved-loss,135.0,51.3,154.6,6663.0,499.0,2111.0,3.16,0.01,71,70903.05,70941.64,70909.5,6.45,0.0113,0.03,False,Up,resolved-win,True,0.76,0.87
2026-03-06 08:54:16,03:54:16,"Bitcoin Up or Down - March 6, 3:50AM-3:55AM ET",buy,Down,0.7,0.98,8.0,tp,177.0,72.0,103.0,2916.0,349.0,1826.0,1.6,0.01,70,70888.01,70837.8,70811.13,76.88,0.0135,0.03,False,Up,resolved-loss,False,0.53,0.98
2026-03-06 08:59:15,03:59:15,"Bitcoin Up or Down - March 6, 3:55AM-4:00AM ET",buy,Down,0.72,0.96,6.67,tp,96.0,61.6,61.6,2959.0,136.0,1331.0,2.22,0.01,72,70827.36,70754.04,70746.47,80.89,0.0137,0.03,False,Down,tp,False,0.49,0.96
2026-03-06 09:03:33,04:03:33,"Bitcoin Up or Down - March 6, 4:00AM-4:05AM ET",buy,Down,0.75,0.21,-14.4,sl,138.0,72.3,93.0,8516.0,1330.0,1735.0,4.91,0.01,75,70792.19,70738.79,70808.65,16.46,0.0127,0.03,True,Down,tp,True,0.75,0.77
2026-03-06 09:09:03,04:09:03,"Bitcoin Up or Down - March 6, 4:05AM-4:10AM ET",buy,Down,0.79,0.96,4.3,tp,77.0,72.0,216.6,5956.0,1036.0,1000.0,5.96,0.03,79,70773.44,70731.21,70702.0,71.44,0.0128,0.03,True,Down,sl,False,0.57,0.96
2026-03-06 09:12:50,04:12:50,"Bitcoin Up or Down - March 6, 4:10AM-4:15AM ET",buy,Down,0.9,0.95,1.11,tp,161.0,61.6,61.6,14856.0,8062.0,593.0,25.05,0.02,90,70667.38,70573.88,70561.78,105.6,0.0127,0.03,False,Down,tp,False,0.3,0.95
2026-03-06 09:17:58,04:17:58,"Bitcoin Up or Down - March 6, 4:15AM-4:20AM ET",buy,Down,0.73,0.95,6.03,tp,152.0,92.6,102.9,7324.0,1694.0,1542.0,4.75,0.01,73,70579.1,70516.69,70471.05,108.05,0.0183,0.06,True,Down,tp,False,0.49,0.95
2026-03-06 09:23:07,04:23:07,"Bitcoin Up or Down - March 6, 4:20AM-4:25AM ET",buy,Down,0.85,0.96,2.59,tp,174.0,61.6,61.6,12742.0,6272.0,999.0,12.75,0.02,85,70590.11,70500.0,70475.01,115.1,0.0123,0.02,False,Down,tp,False,0.33,0.96
2026-03-06 09:28:47,04:28:47,"Bitcoin Up or Down - March 6, 4:25AM-4:30AM ET",buy,Down,0.75,0.97,5.87,tp,176.0,61.9,92.9,7674.0,817.0,1742.0,4.4,0.01,74,70458.44,70391.42,70380.83,77.61,0.0147,0.04,False,Down,tp,False,0.45,0.97
2026-03-06 09:35:08,04:35:08,"Bitcoin Up or Down - March 6, 4:30AM-4:35AM ET",skip-choppy,,0.0,0.0,0.0,skipped-choppy,0.0,0,0,0.0,0.0,0.0,0,0.0,0,70403.54,0.0,70331.55,71.99,0.0142,0.04,False,Down,tp,True,0.69,0.99
2026-03-06 09:38:45,04:38:45,"Bitcoin Up or Down - March 6, 4:35AM-4:40AM ET",buy,Up,0.71,0.96,7.04,tp,178.0,51.4,113.4,8801.0,131.0,1998.0,4.4,0.02,71,70331.55,70393.78,70423.32,91.77,0.0118,0.02,False,Down,tp,False,0.96,0.42
2026-03-06 09:43:23,04:43:23,"Bitcoin Up or Down - March 6, 4:40AM-4:45AM ET",buy,Up,0.75,0.95,5.33,tp,148.0,92.6,144.2,9728.0,2313.0,1345.0,7.23,0.01,75,70350.59,70424.09,70453.99,103.4,0.0129,0.04,False,Up,tp,False,0.95,0.48
2026-03-06 09:50:05,04:50:05,"Bitcoin Up or Down - March 6, 4:45AM-4:50AM ET",skip-choppy,,0.0,0.0,0.0,skipped-choppy,0.0,0,0,0.0,0.0,0.0,0,0.0,0,70545.11,0.0,70487.83,57.28,0.0104,0.03,False,Up,tp,True,0.76,0.99
2026-03-06 09:53:42,04:53:42,"Bitcoin Up or Down - March 6, 4:50AM-4:55AM ET",buy,Up,0.81,0.95,3.46,tp,130.0,82.3,92.7,8320.0,2342.0,795.0,10.47,0.01,81,70487.83,70531.74,70576.15,88.32,0.0125,0.03,False,Up,tp,False,0.95,0.46
2026-03-06 09:57:28,04:57:28,"Bitcoin Up or Down - March 6, 4:55AM-5:00AM ET",buy,Up,0.9,0.94,0.89,tp,172.0,61.6,82.2,10509.0,6033.0,515.0,20.41,0.02,90,70503.96,70614.64,70619.14,115.18,0.0133,0.02,True,Up,tp,False,0.94,0.3
2026-03-06 10:04:10,05:04:10,"Bitcoin Up or Down - March 6, 5:00AM-5:05AM ET",buy,Up,0.77,0.95,4.68,tp,112.0,61.6,61.6,8721.0,2916.0,1138.0,7.67,0.01,77,70537.33,70608.3,70645.68,108.35,0.0137,0.04,False,Up,tp,False,0.95,0.55
2026-03-06 10:10:00,05:10:00,"Bitcoin Up or Down - March 6, 5:05AM-5:10AM ET",skip-choppy,,0.0,0.0,0.0,skipped-choppy,0.0,0,0,0.0,0.0,0.0,0,0.0,0,70651.59,0.0,70674.89,23.3,0.01,0.01,False,Up,tp,True,0.95,0.65
2026-03-06 10:14:59,05:14:59,"Bitcoin Up or Down - March 6, 5:10AM-5:15AM ET",buy,Down,0.73,0.0,-20.0,resolved-loss,176.0,72.0,113.3,8754.0,181.0,1708.0,5.13,0.01,73,70674.89,70639.14,70689.58,14.69,0.0154,0.08,True,Up,tp,True,0.98,0.82
2026-03-06 10:20:08,05:20:08,"Bitcoin Up or Down - March 6, 5:15AM-5:20AM ET",skip-choppy,,0.0,0.0,0.0,skipped-choppy,0.0,0,0,0.0,0.0,0.0,0,0.0,0,70690.9,0.0,70667.05,23.85,0.0104,0.02,False,Down,resolved-loss,True,0.79,0.99
2026-03-06 10:23:55,05:23:55,"Bitcoin Up or Down - March 6, 5:20AM-5:25AM ET",buy,Up,0.72,0.96,6.67,tp,158.0,61.6,133.8,9136.0,833.0,1846.0,4.95,0.01,72,70667.05,70691.43,70746.9,79.85,0.0135,0.03,True,Down,resolved-loss,False,0.96,0.45
2026-03-06 10:30:05,05:30:05,"Bitcoin Up or Down - March 6, 5:25AM-5:30AM ET",skip-choppy,,0.0,0.0,0.0,skipped-choppy,0.0,0,0,0.0,0.0,0.0,0,0.0,0,70769.5,0.0,70777.96,8.46,0.0161,0.05,False,Up,tp,True,0.81,0.87
2026-03-06 10:32:19,05:32:19,"Bitcoin Up or Down - March 6, 5:30AM-5:35AM ET",buy,Down,0.87,0.94,1.61,tp,171.0,61.6,61.6,16586.0,7342.0,828.0,20.03,0.01,87,70777.96,70689.13,70650.94,127.02,0.0113,0.02,False,Up,tp,False,0.17,0.94
2026-03-06 10:39:22,05:39:22,"Bitcoin Up or Down - March 6, 5:35AM-5:40AM ET",buy,Down,0.75,0.94,5.07,tp,110.0,61.9,61.9,5244.0,1096.0,1245.0,4.21,0.01,73,70573.51,70560.38,70552.51,21.0,0.01,0.01,False,Down,tp,False,0.45,0.94
2026-03-06 10:45:02,05:45:02,"Bitcoin Up or Down - March 6, 5:40AM-5:45AM ET",skip-choppy,,0.0,0.0,0.0,skipped-choppy,0.0,0,0,0.0,0.0,0.0,0,0.0,0,70560.0,0.0,70559.88,0.12,0.0143,0.05,False,Down,tp,True,0.83,0.81
2026-03-06 10:50:00,05:50:00,"Bitcoin Up or Down - March 6, 5:45AM-5:50AM ET",skip-choppy,,0.0,0.0,0.0,skipped-choppy,0.0,0,0,0.0,0.0,0.0,0,0.0,0,70559.88,0.0,70538.0,21.88,0.0139,0.04,False,Down,tp,True,0.76,0.91
2026-03-06 10:55:00,05:55:00,"Bitcoin Up or Down - March 6, 5:50AM-5:55AM ET",skip-choppy,,0.0,0.0,0.0,skipped-choppy,0.0,0,0,0.0,0.0,0.0,0,0.0,0,70538.0,0.0,70531.07,6.93,0.0126,0.03,False,Down,tp,True,0.93,0.87
2026-03-06 10:59:59,05:59:59,"Bitcoin Up or Down - March 6, 5:55AM-6:00AM ET",buy,Up,0.8,0.0,-20.0,resolved-loss,156.0,123.5,144.1,7158.0,950.0,1028.0,6.97,0.01,79,70531.07,70588.4,70527.93,3.14,0.015,0.06,True,Down,tp,False,0.89,0.58
2026-03-06 11:04:16,06:04:16,"Bitcoin Up or Down - March 6, 6:00AM-6:05AM ET",buy,Down,0.77,0.98,5.45,tp,177.0,51.3,113.2,10550.0,2009.0,1280.0,8.24,0.01,77,70500.01,70485.47,70442.64,57.37,0.01,0.01,False,Up,resolved-loss,False,0.4,0.98
2026-03-06 11:10:07,06:10:07,"Bitcoin Up or Down - March 6, 6:05AM-6:10AM ET",skip-choppy,,0.0,0.0,0.0,skipped-choppy,0.0,0,0,0.0,0.0,0.0,0,0.0,0,70460.69,0.0,70469.43,8.74,0.0239,0.12,True,Down,tp,True,0.9,0.75
2026-03-06 11:15:06,06:15:06,"Bitcoin Up or Down - March 6, 6:10AM-6:15AM ET",skip-choppy,,0.0,0.0,0.0,skipped-choppy,0.0,0,0,0.0,0.0,0.0,0,0.0,0,70469.43,0.0,70559.37,89.94,0.0122,0.04,False,Down,tp,True,0.99,0.64
2026-03-06 11:19:44,06:19:44,"Bitcoin Up or Down - March 6, 6:15AM-6:20AM ET",buy,Down,0.71,0.94,6.48,tp,77.0,185.8,216.8,4440.0,49.0,1254.0,3.54,0.01,71,70559.37,70531.66,70529.9,29.47,0.01,0.01,False,Down,tp,False,0.49,0.94
2026-03-06 11:25:05,06:25:05,"Bitcoin Up or Down - March 6, 6:20AM-6:25AM ET",skip-choppy,,0.0,0.0,0.0,skipped-choppy,0.0,0,0,0.0,0.0,0.0,0,0.0,0,70529.6,0.0,70529.15,0.45,0.0343,0.4,True,Down,tp,True,0.95,0.72
2026-03-06 11:34:34,06:34:34,"Bitcoin Up or Down - March 6, 6:30AM-6:35AM ET",buy,Down,0.73,0.95,6.03,tp,171.0,82.5,123.9,9508.0,433.0,1231.0,7.72,0.01,73,70518.77,70514.39,70499.07,19.7,0.0181,0.06,False,Down,tp,False,0.46,0.95
2026-03-06 11:37:50,06:37:50,"Bitcoin Up or Down - March 6, 6:35AM-6:40AM ET",buy,Up,0.89,0.96,1.57,tp,171.0,61.7,61.7,12103.0,6422.0,426.0,28.44,0.06,89,70512.83,70621.08,70580.39,67.56,0.0264,0.07,False,Down,tp,False,0.96,0.18
2026-03-06 11:43:51,06:43:51,"Bitcoin Up or Down - March 6, 6:40AM-6:45AM ET",buy,Down,0.84,0.97,3.1,tp,141.0,92.8,154.9,8984.0,371.0,665.0,13.51,0.02,81,70596.51,70516.24,70385.37,211.14,0.0235,0.06,True,Up,tp,False,0.5,0.97
2026-03-06 11:49:22,06:49:22,"Bitcoin Up or Down - March 6, 6:45AM-6:50AM ET",buy,Down,0.8,0.96,4.0,tp,172.0,72.5,82.8,12673.0,2107.0,1729.0,7.33,0.02,78,70383.41,70321.46,70300.0,83.41,0.0255,0.09,False,Down,tp,False,0.32,0.96
2026-03-06 11:54:52,06:54:52,"Bitcoin Up or Down - March 6, 6:50AM-6:55AM ET",buy,Down,0.76,0.98,5.79,tp,110.0,82.4,113.9,6754.0,317.0,915.0,7.38,0.04,74,70310.79,70274.05,70261.02,49.77,0.0339,0.11,False,Down,tp,False,0.4,0.98
2026-03-06 12:05:03,07:05:03,"Bitcoin Up or Down - March 6, 7:00AM-7:05AM ET",skip-no-leader,,0.0,0.0,0.0,skipped-no-leader,0.0,0,0,0.0,0.0,0.0,0,0.0,0,70202.95,0.0,70171.97,30.98,0.027,0.1,True,Down,tp,False,0.48,0.75
2026-03-06 12:08:40,07:08:40,"Bitcoin Up or Down - March 6, 7:05AM-7:10AM ET",buy,Down,0.74,0.95,5.68,tp,121.0,154.9,175.6,9484.0,164.0,1528.0,6.21,0.03,70,70171.97,69956.44,69934.41,237.56,0.03,0.09,False,Down,tp,False,0.53,0.95
2026-03-06 12:13:18,07:13:18,"Bitcoin Up or Down - March 6, 7:10AM-7:15AM ET",buy,Up,0.72,0.96,6.67,tp,122.0,165.1,175.4,6865.0,865.0,1188.0,5.78,0.01,72,69824.35,69879.39,69939.45,115.1,0.01,0.01,False,Down,tp,False,0.96,0.59
2026-03-06 12:18:48,07:18:48,"Bitcoin Up or Down - March 6, 7:15AM-7:20AM ET",buy,Up,0.81,0.98,4.2,tp,175.0,61.6,102.9,9149.0,3184.0,1411.0,6.48,0.02,81,69930.0,70032.18,70090.0,160.0,0.0135,0.03,False,Up,tp,False,0.98,0.37
2026-03-06 12:24:07,07:24:07,"Bitcoin Up or Down - March 6, 7:20AM-7:25AM ET",buy,Down,0.8,0.97,4.25,tp,177.0,51.3,61.7,10243.0,2836.0,1270.0,8.07,0.01,80,70177.95,70095.09,70111.54,66.41,0.0116,0.02,False,Up,tp,False,0.33,0.97
2026-03-06 12:30:08,07:30:08,"Bitcoin Up or Down - March 6, 7:25AM-7:30AM ET",skip-choppy,,0.0,0.0,0.0,skipped-choppy,0.0,0,0,0.0,0.0,0.0,0,0.0,0,70121.68,0.0,70017.51,104.17,0.0092,0.02,False,Down,tp,True,0.64,0.99
2026-03-06 12:33:45,07:33:45,"Bitcoin Up or Down - March 6, 7:30AM-7:35AM ET",buy,Down,0.77,0.96,4.94,tp,126.0,82.3,92.6,5658.0,1586.0,1026.0,5.51,0.01,77,70017.51,69955.43,69890.01,127.5,0.0112,0.02,False,Down,tp,False,0.58,0.96
2026-03-06 12:38:33,07:38:33,"Bitcoin Up or Down - March 6, 7:35AM-7:40AM ET",buy,Down,0.79,0.97,4.56,tp,180.0,61.5,61.5,9924.0,3658.0,943.0,10.52,0.01,79,69882.09,69820.6,69761.53,120.56,0.0107,0.02,False,Down,tp,False,0.36,0.97
2026-03-06 12:44:13,07:44:13,"Bitcoin Up or Down - March 6, 7:40AM-7:45AM ET",buy,Up,0.81,0.19,-15.31,sl,170.0,82.2,82.2,8401.0,3400.0,1096.0,7.66,0.01,81,69775.16,69851.0,69735.73,39.43,0.0132,0.03,True,Down,tp,True,0.83,0.79
2026-03-06 12:52:39,07:52:39,"Bitcoin Up or Down - March 6, 7:50AM-7:55AM ET",buy,Up,0.86,0.94,1.86,tp,172.0,61.6,61.6,12643.0,5960.0,919.0,13.75,0.02,86,69771.32,69897.78,69934.11,162.79,0.011,0.02,False,Up,sl,False,0.94,0.3
2026-03-06 13:09:59,08:09:59,"Bitcoin Up or Down - March 6, 8:05AM-8:10AM ET",buy,Up,0.77,1.0,5.97,resolved-win,176.0,71.9,92.5,6923.0,1168.0,1558.0,4.44,0.02,77,69939.77,70000.0,69974.27,34.5,0.0125,0.04,False,Up,tp,False,0.99,0.53
2026-03-06 13:14:58,08:14:58,"Bitcoin Up or Down - March 6, 8:10AM-8:15AM ET",buy,Up,0.78,1.0,5.64,resolved-win,166.0,51.3,123.7,7744.0,1650.0,1592.0,4.87,0.01,78,69980.11,70040.97,70003.02,22.91,0.01,0.02,False,Up,resolved-win,False,0.99,0.54
2026-03-06 13:20:08,08:20:08,"Bitcoin Up or Down - March 6, 8:15AM-8:20AM ET",skip-choppy,,0.0,0.0,0.0,skipped-choppy,0.0,0,0,0.0,0.0,0.0,0,0.0,0,69987.54,0.0,69994.01,6.47,0.0108,0.03,False,Up,resolved-win,True,0.99,0.74
2026-03-06 13:24:36,08:24:36,"Bitcoin Up or Down - March 6, 8:20AM-8:25AM ET",buy,Down,0.82,0.28,-13.17,sl,179.0,61.6,61.6,7573.0,1750.0,1163.0,6.51,0.01,82,69994.01,69919.29,70054.32,60.31,0.0133,0.04,True,Up,resolved-win,True,0.7,0.89
2026-03-06 13:28:22,08:28:22,"Bitcoin Up or Down - March 6, 8:25AM-8:30AM ET",buy,Up,0.79,0.95,4.05,tp,169.0,61.6,61.6,12933.0,3750.0,1357.0,9.53,0.01,79,70033.6,70118.95,70157.58,123.98,0.01,0.01,False,Down,sl,False,0.95,0.33
2026-03-06 13:34:43,08:34:43,"Bitcoin Up or Down - March 6, 8:30AM-8:35AM ET",buy,Down,0.8,0.24,-14.0,sl,171.0,61.5,71.9,9899.0,2564.0,1188.0,8.33,0.02,80,69882.7,69936.84,70101.0,218.3,0.0232,0.1,False,Up,tp,True,0.73,0.8
2026-03-06 13:40:03,08:40:03,"Bitcoin Up or Down - March 6, 8:35AM-8:40AM ET",skip-choppy,,0.0,0.0,0.0,skipped-choppy,0.0,0,0,0.0,0.0,0.0,0,0.0,0,70294.97,0.0,70096.58,198.39,0.0113,0.02,False,Down,sl,True,0.71,0.99
2026-03-06 13:47:57,08:47:57,"Bitcoin Up or Down - March 6, 8:45AM-8:50AM ET",buy,Down,0.89,0.94,1.12,tp,174.0,61.6,61.6,15028.0,8595.0,647.0,23.21,0.02,89,70022.8,69862.58,69889.45,133.35,0.0125,0.02,False,Down,sl,False,0.12,0.94
2026-03-06 13:54:59,08:54:59,"Bitcoin Up or Down - March 6, 8:50AM-8:55AM ET",buy,Down,0.81,1.0,4.69,resolved-win,176.0,62.0,113.6,12610.0,3360.0,1275.0,9.89,0.02,81,69964.18,69829.25,69977.0,12.82,0.0246,0.18,True,Down,tp,False,0.52,0.81
2026-03-06 14:00:08,09:00:08,"Bitcoin Up or Down - March 6, 8:55AM-9:00AM ET",skip-no-leader,,0.0,0.0,0.0,skipped-no-leader,0.0,0,0,0.0,0.0,0.0,0,0.0,0,69866.16,0.0,69220.01,646.15,0.0046,0.01,False,Down,resolved-win,False,0.04,0.99
2026-03-06 14:04:57,09:04:57,"Bitcoin Up or Down - March 6, 9:00AM-9:05AM ET",buy,Down,0.82,1.0,4.39,resolved-win,178.0,51.4,51.4,9649.0,2169.0,1264.0,7.63,0.03,82,69220.01,69036.83,69189.05,30.96,0.0158,0.04,False,Down,resolved-win,True,0.6,0.92
2026-03-06 14:08:44,09:08:44,"Bitcoin Up or Down - March 6, 9:05AM-9:10AM ET",buy,Down,0.83,0.96,3.13,tp,179.0,61.6,61.6,16610.0,7716.0,1659.0,10.01,0.01,83,69180.93,69037.08,69000.0,180.93,0.0119,0.03,False,Down,resolved-win,False,0.24,0.96
2026-03-06 14:14:24,09:14:24,"Bitcoin Up or Down - March 6, 9:10AM-9:15AM ET",buy,Up,0.73,0.95,6.03,tp,170.0,61.6,61.6,11380.0,1798.0,2999.0,3.79,0.01,73,68692.97,68758.5,68781.77,88.8,0.013,0.03,False,Down,tp,False,0.95,0.42
2026-03-06 14:20:04,09:20:04,"Bitcoin Up or Down - March 6, 9:15AM-9:20AM ET",skip-choppy,,0.0,0.0,0.0,skipped-choppy,0.0,0,0,0.0,0.0,0.0,0,0.0,0,68816.7,0.0,68952.61,135.91,0.0104,0.03,False,Up,tp,True,0.99,0.68
2026-03-06 14:34:41,09:34:41,"Bitcoin Up or Down - March 6, 9:30AM-9:35AM ET",buy,Down,0.71,0.96,7.04,tp,174.0,72.0,82.3,9468.0,1906.0,2545.0,3.72,0.02,71,68939.85,68821.34,68845.18,94.67,0.0145,0.03,False,Up,tp,False,0.44,0.96
2026-03-06 14:37:46,09:37:46,"Bitcoin Up or Down - March 6, 9:35AM-9:40AM ET",buy,Down,0.89,0.95,1.35,tp,154.0,61.6,61.6,17822.0,9641.0,728.0,24.49,0.01,89,68834.77,68600.56,68489.85,344.92,0.01,0.01,False,Down,tp,False,0.23,0.95
2026-03-06 14:44:17,09:44:17,"Bitcoin Up or Down - March 6, 9:40AM-9:45AM ET",buy,Up,0.7,0.94,6.86,tp,176.0,71.9,113.2,10407.0,198.0,2284.0,4.56,0.01,70,68654.52,68760.55,68785.19,130.67,0.013,0.03,False,Down,tp,False,0.94,0.51
2026-03-06 14:48:25,09:48:25,"Bitcoin Up or Down - March 6, 9:45AM-9:50AM ET",buy,Down,0.73,0.94,5.75,tp,177.0,72.0,92.6,6764.0,990.0,2343.0,2.89,0.06,73,68768.85,68557.32,68440.34,328.51,0.014,0.06,False,Up,tp,False,0.5,0.94
2026-03-06 14:55:06,09:55:06,"Bitcoin Up or Down - March 6, 9:50AM-9:55AM ET",skip-choppy,,0.0,0.0,0.0,skipped-choppy,0.0,0,0,0.0,0.0,0.0,0,0.0,0,68457.05,0.0,68355.82,101.23,0.0143,0.05,False,Down,tp,True,0.69,0.99
2026-03-06 14:59:03,09:59:03,"Bitcoin Up or Down - March 6, 9:55AM-10:00AM ET",buy,Up,0.76,0.18,-15.26,sl,170.0,72.0,113.3,18538.0,3523.0,1795.0,10.33,0.01,76,68355.82,68450.35,68239.41,116.41,0.0117,0.03,False,Down,tp,True,0.85,0.81
2026-03-06 15:03:41,10:03:41,"Bitcoin Up or Down - March 6, 10:00AM-10:05AM ET",buy,Up,0.75,0.94,5.07,tp,161.0,61.6,133.9,12597.0,1652.0,2779.0,4.53,0.02,75,68448.0,68526.0,68599.33,151.33,0.0169,0.04,False,Up,sl,False,0.94,0.54
2026-03-06 15:10:03,10:10:03,"Bitcoin Up or Down - March 6, 10:05AM-10:10AM ET",skip-choppy,,0.0,0.0,0.0,skipped-choppy,0.0,0,0,0.0,0.0,0.0,0,0.0,0,68619.99,0.0,68384.7,235.29,0.0104,0.03,False,Up,tp,True,0.63,0.99
2026-03-06 15:12:38,10:12:38,"Bitcoin Up or Down - March 6, 10:10AM-10:15AM ET",buy,Up,0.82,0.96,3.41,tp,173.0,61.7,82.3,13329.0,3360.0,2631.0,5.07,0.01,82,68384.7,68459.16,68573.18,188.48,0.01,0.01,False,Up,tp,False,0.96,0.38
2026-03-06 15:18:28,10:18:28,"Bitcoin Up or Down - March 6, 10:15AM-10:20AM ET",buy,Up,0.8,0.94,3.5,tp,143.0,133.9,154.5,11381.0,4254.0,2090.0,5.45,0.01,80,68627.01,68723.82,68754.88,127.87,0.01,0.01,False,Up,tp,False,0.94,0.58
2026-03-06 15:25:10,10:25:10,"Bitcoin Up or Down - March 6, 10:20AM-10:25AM ET",skip-choppy,,0.0,0.0,0.0,skipped-choppy,0.0,0,0,0.0,0.0,0.0,0,0.0,0,68787.2,0.0,68887.52,100.32,0.0104,0.02,False,Up,tp,True,0.99,0.64
2026-03-06 15:28:57,10:28:57,"Bitcoin Up or Down - March 6, 10:25AM-10:30AM ET",buy,Down,0.7,0.96,7.43,tp,166.0,51.4,124.1,6693.0,6.0,2387.0,2.8,0.01,69,68887.52,68852.52,68836.07,51.45,0.0122,0.02,False,Up,tp,False,0.38,0.96
2026-03-06 15:34:06,10:34:06,"Bitcoin Up or Down - March 6, 10:30AM-10:35AM ET",buy,Up,0.8,0.2,-15.0,sl,177.0,61.8,72.1,20587.0,9997.0,2699.0,7.63,0.02,80,68925.0,68986.55,68826.01,98.99,0.0147,0.03,False,Down,tp,True,0.87,0.78
2026-03-06 15:37:53,10:37:53,"Bitcoin Up or Down - March 6, 10:35AM-10:40AM ET",buy,Up,0.72,0.94,6.11,tp,178.0,61.6,61.6,9784.0,1346.0,3015.0,3.24,0.01,72,68832.31,68926.08,69009.32,177.01,0.0127,0.03,True,Up,sl,False,0.94,0.41
2026-03-06 15:43:33,10:43:33,"Bitcoin Up or Down - March 6, 10:40AM-10:45AM ET",buy,Down,0.72,0.97,6.94,tp,169.0,61.6,123.6,9611.0,198.0,3713.0,2.59,0.01,72,68912.1,68827.41,68720.42,191.68,0.01,0.01,False,Up,tp,False,0.43,0.97
2026-03-06 15:48:42,10:48:42,"Bitcoin Up or Down - March 6, 10:45AM-10:50AM ET",buy,Down,0.76,0.95,5.0,tp,170.0,61.6,82.3,11460.0,4764.0,3044.0,3.77,0.01,76,68730.01,68651.2,68624.15,105.86,0.0119,0.03,False,Down,tp,False,0.33,0.95
2026-03-06 15:55:04,10:55:04,"Bitcoin Up or Down - March 6, 10:50AM-10:55AM ET",skip-no-leader,,0.0,0.0,0.0,skipped-no-leader,0.0,0,0,0.0,0.0,0.0,0,0.0,0,68560.91,0.0,68408.02,152.89,0.0061,0.02,False,Down,tp,False,0.15,1.0
2026-03-06 15:58:51,10:58:51,"Bitcoin Up or Down - March 6, 10:55AM-11:00AM ET",buy,Up,0.88,0.96,1.82,tp,110.0,61.7,61.7,14672.0,5723.0,1046.0,14.02,0.01,88,68408.02,68500.01,68525.88,117.86,0.01,0.01,False,Down,tp,False,0.96,0.23
2026-03-06 16:03:50,11:03:50,"Bitcoin Up or Down - March 6, 11:00AM-11:05AM ET",buy,Up,0.81,0.96,3.7,tp,100.0,72.0,92.7,11170.0,3936.0,2472.0,4.52,0.01,81,68494.75,68587.63,68619.51,124.76,0.0112,0.02,False,Up,tp,False,0.96,0.57
2026-03-06 16:07:48,11:07:48,"Bitcoin Up or Down - March 6, 11:05AM-11:10AM ET",buy,Down,0.9,0.96,1.33,tp,173.0,61.8,61.8,19411.0,8942.0,1287.0,15.09,0.01,90,68753.03,68629.03,68588.88,164.15,0.01,0.01,False,Up,tp,False,0.31,0.96
2026-03-06 16:20:02,11:20:02,"Bitcoin Up or Down - March 6, 11:15AM-11:20AM ET",skip-choppy,,0.0,0.0,0.0,skipped-choppy,0.0,0,0,0.0,0.0,0.0,0,0.0,0,68327.99,0.0,68365.69,37.7,0.0143,0.05,True,Down,tp,True,0.96,0.9
2026-03-06 16:24:41,11:24:41,"Bitcoin Up or Down - March 6, 11:20AM-11:25AM ET",buy,Down,0.75,0.06,-18.4,sl,164.0,92.9,92.9,12152.0,2395.0,3061.0,3.97,0.01,75,68365.69,68288.89,68441.91,76.22,0.0123,0.03,False,Down,tp,True,0.91,0.87
2026-03-06 16:27:47,11:27:47,"Bitcoin Up or Down - March 6, 11:25AM-11:30AM ET",buy,Up,0.73,0.95,6.03,tp,174.0,72.1,123.8,10918.0,1024.0,3168.0,3.45,0.01,73,68433.01,68466.0,68555.39,122.38,0.0118,0.02,False,Down,sl,False,0.95,0.42
2026-03-06 16:35:00,11:35:00,"Bitcoin Up or Down - March 6, 11:30AM-11:35AM ET",skip-choppy,,0.0,0.0,0.0,skipped-choppy,0.0,0,0,0.0,0.0,0.0,0,0.0,0,68530.77,0.0,68400.37,130.4,0.0117,0.03,False,Up,tp,True,0.64,0.99
2026-03-06 16:37:35,11:37:35,"Bitcoin Up or Down - March 6, 11:35AM-11:40AM ET",buy,Up,0.85,0.94,2.12,tp,175.0,72.2,82.6,19661.0,6266.0,2402.0,8.18,0.01,85,68400.37,68528.48,68577.49,177.12,0.013,0.03,False,Up,tp,False,0.94,0.4
2026-03-06 16:44:18,11:44:18,"Bitcoin Up or Down - March 6, 11:40AM-11:45AM ET",buy,Down,0.84,0.96,2.86,tp,176.0,61.8,103.2,15286.0,6692.0,2387.0,6.4,0.01,84,68670.16,68552.88,68584.87,85.29,0.0115,0.02,False,Up,tp,False,0.38,0.96
2026-03-06 16:48:15,11:48:15,"Bitcoin Up or Down - March 6, 11:45AM-11:50AM ET",buy,Up,0.7,0.26,-12.57,sl,176.0,61.8,61.8,10653.0,70.0,3423.0,3.11,0.01,70,68609.2,68644.76,68535.16,74.04,0.0121,0.02,False,Down,tp,True,0.87,0.73
2026-03-06 16:53:56,11:53:56,"Bitcoin Up or Down - March 6, 11:50AM-11:55AM ET",buy,Up,0.73,0.24,-13.42,sl,167.0,61.8,82.5,12045.0,1894.0,3305.0,3.64,0.01,73,68615.75,68656.94,68573.65,42.1,0.0139,0.06,True,Up,sl,True,0.86,0.75
2026-03-06 16:58:45,11:58:45,"Bitcoin Up or Down - March 6, 11:55AM-12:00PM ET",buy,Up,0.75,0.95,5.33,tp,167.0,51.5,51.5,12567.0,3726.0,2661.0,4.72,0.01,75,68375.15,68438.82,68490.11,114.96,0.0118,0.02,False,Up,sl,False,0.95,0.52
2026-03-06 17:05:07,12:05:07,"Bitcoin Up or Down - March 6, 12:00PM-12:05PM ET",skip-choppy,,0.0,0.0,0.0,skipped-choppy,0.0,0,0,0.0,0.0,0.0,0,0.0,0,68431.38,0.0,68573.51,142.13,0.0096,0.02,False,Up,tp,True,0.99,0.63
2026-03-06 17:09:46,12:09:46,"Bitcoin Up or Down - March 6, 12:05PM-12:10PM ET",buy,Down,0.7,0.97,7.71,tp,168.0,72.2,124.0,10283.0,53.0,4171.0,2.47,0.01,70,68573.51,68523.2,68534.95,38.56,0.0109,0.03,False,Up,tp,False,0.43,0.97
2026-03-06 17:14:15,12:14:15,"Bitcoin Up or Down - March 6, 12:10PM-12:15PM ET",buy,Down,0.75,0.94,5.07,tp,138.0,134.2,154.9,10073.0,838.0,2560.0,3.94,0.02,75,68545.48,68474.14,68455.01,90.47,0.0126,0.03,True,Down,tp,False,0.47,0.94
2026-03-06 17:20:06,12:20:06,"Bitcoin Up or Down - March 6, 12:15PM-12:20PM ET",skip-choppy,,0.0,0.0,0.0,skipped-choppy,0.0,0,0,0.0,0.0,0.0,0,0.0,0,68405.96,0.0,68485.0,79.04,0.0157,0.12,True,Down,tp,True,0.97,0.84
2026-03-06 17:25:06,12:25:06,"Bitcoin Up or Down - March 6, 12:20PM-12:25PM ET",skip-choppy,,0.0,0.0,0.0,skipped-choppy,0.0,0,0,0.0,0.0,0.0,0,0.0,0,68485.0,0.0,68361.45,123.55,0.0122,0.03,False,Down,tp,True,0.9,0.99
2026-03-06 17:28:33,12:28:33,"Bitcoin Up or Down - March 6, 12:25PM-12:30PM ET",buy,Down,0.9,0.96,1.33,tp,128.0,61.8,61.8,10512.0,6092.0,1051.0,10.01,0.01,90,68361.45,68250.0,68241.01,120.44,0.0107,0.02,False,Down,tp,False,0.22,0.96
2026-03-06 17:34:34,12:34:34,"Bitcoin Up or Down - March 6, 12:30PM-12:35PM ET",buy,Down,0.7,0.95,7.14,tp,150.0,103.1,144.5,10539.0,168.0,3070.0,3.43,0.01,70,68268.6,68190.01,68137.67,130.93,0.0124,0.03,True,Down,tp,True,0.62,0.95
2026-03-06 17:37:29,12:37:29,"Bitcoin Up or Down - March 6, 12:35PM-12:40PM ET",buy,Down,0.89,0.94,1.12,tp,161.0,61.7,72.0,10417.0,4648.0,680.0,15.33,0.02,89,68166.73,67939.82,67906.86,259.87,0.0133,0.02,False,Down,tp,False,0.34,0.94
2026-03-06 17:44:53,12:44:53,"Bitcoin Up or Down - March 6, 12:40PM-12:45PM ET",buy,Down,0.71,0.97,7.32,tp,172.0,61.7,123.8,8068.0,132.0,2563.0,3.15,0.01,71,67851.47,67767.12,67825.65,25.82,0.0122,0.03,False,Down,tp,False,0.36,0.97
2026-03-06 17:48:30,12:48:30,"Bitcoin Up or Down - March 6, 12:45PM-12:50PM ET",buy,Up,0.81,0.94,3.21,tp,172.0,61.7,72.1,16865.0,4147.0,1703.0,9.9,0.01,81,67853.95,67934.16,67952.73,98.78,0.0107,0.02,False,Down,tp,False,0.94,0.34
2026-03-06 18:05:00,13:05:00,"Bitcoin Up or Down - March 6, 1:00PM-1:05PM ET",skip-no-leader,,0.0,0.0,0.0,skipped-no-leader,0.0,0,0,0.0,0.0,0.0,0,0.0,0,67958.81,0.0,68112.87,154.06,0.0085,0.02,False,Up,tp,False,1.0,0.17
2026-03-06 18:08:48,13:08:48,"Bitcoin Up or Down - March 6, 1:05PM-1:10PM ET",buy,Up,0.71,0.96,7.04,tp,165.0,61.6,61.6,7212.0,81.0,2238.0,3.22,0.01,71,68112.87,68152.51,68221.78,108.91,0.0106,0.02,False,Up,tp,False,0.96,0.32
2026-03-06 18:15:09,13:15:09,"Bitcoin Up or Down - March 6, 1:10PM-1:15PM ET",skip-choppy,,0.0,0.0,0.0,skipped-choppy,0.0,0,0,0.0,0.0,0.0,0,0.0,0,68249.99,0.0,68341.68,91.69,0.0104,0.02,False,Up,tp,True,0.99,0.63
2026-03-06 18:20:08,13:20:08,"Bitcoin Up or Down - March 6, 1:15PM-1:20PM ET",skip-choppy,,0.0,0.0,0.0,skipped-choppy,0.0,0,0,0.0,0.0,0.0,0,0.0,0,68341.68,0.0,68384.14,42.46,0.0117,0.03,False,Up,tp,True,0.98,0.64
2026-03-06 18:24:46,13:24:46,"Bitcoin Up or Down - March 6, 1:20PM-1:25PM ET",buy,Down,0.73,0.23,-13.7,sl,148.0,61.6,144.2,6361.0,1377.0,1219.0,5.22,0.03,73,68384.14,68306.08,68377.16,6.98,0.0159,0.03,False,Up,tp,True,0.76,0.73
2026-03-06 18:30:05,13:30:05,"Bitcoin Up or Down - March 6, 1:25PM-1:30PM ET",skip-choppy,,0.0,0.0,0.0,skipped-choppy,0.0,0,0,0.0,0.0,0.0,0,0.0,0,68377.36,0.0,68275.38,101.98,0.0087,0.02,False,Down,sl,True,0.62,0.99
2026-03-06 18:35:04,13:35:04,"Bitcoin Up or Down - March 6, 1:30PM-1:35PM ET",skip-no-leader,,0.0,0.0,0.0,skipped-no-leader,0.0,0,0,0.0,0.0,0.0,0,0.0,0,68275.38,0.0,68383.71,108.33,0.009,0.02,False,Down,sl,False,1.0,0.17
2026-03-06 18:39:53,13:39:53,"Bitcoin Up or Down - March 6, 1:35PM-1:40PM ET",buy,Down,0.82,0.98,3.9,tp,172.0,61.6,61.6,7537.0,2357.0,1178.0,6.4,0.01,82,68383.71,68340.08,68391.7,7.99,0.0104,0.02,False,Down,sl,False,0.31,0.98
2026-03-06 18:44:52,13:44:52,"Bitcoin Up or Down - March 6, 1:40PM-1:45PM ET",buy,Up,0.8,0.97,4.25,tp,152.0,61.5,144.1,9311.0,3113.0,1196.0,7.78,0.01,80,68403.51,68454.75,68433.18,29.67,0.0126,0.04,True,Down,tp,False,0.97,0.44
2026-03-06 18:50:01,13:50:01,"Bitcoin Up or Down - March 6, 1:45PM-1:50PM ET",skip-choppy,,0.0,0.0,0.0,skipped-choppy,0.0,0,0,0.0,0.0,0.0,0,0.0,0,68441.05,0.0,68412.88,28.17,0.013,0.06,False,Up,tp,True,0.65,0.99
2026-03-06 18:53:06,13:53:06,"Bitcoin Up or Down - March 6, 1:50PM-1:55PM ET",buy,Down,0.9,0.94,0.89,tp,144.0,61.6,61.6,6111.0,4025.0,556.0,10.99,0.02,90,68412.88,68256.0,68252.32,160.56,0.0131,0.03,False,Up,tp,False,0.28,0.95
2026-03-06 19:00:08,14:00:08,"Bitcoin Up or Down - March 6, 1:55PM-2:00PM ET",skip-choppy,,0.0,0.0,0.0,skipped-choppy,0.0,0,0,0.0,0.0,0.0,0,0.0,0,68214.44,0.0,68209.0,5.44,0.0117,0.06,False,Down,tp,True,0.67,0.99
2026-03-06 19:02:53,14:02:53,"Bitcoin Up or Down - March 6, 2:00PM-2:05PM ET",buy,Up,0.84,0.94,2.38,tp,178.0,51.3,51.3,15175.0,6979.0,1230.0,12.34,0.01,84,68209.0,68281.06,68293.21,84.21,0.0108,0.02,False,Down,tp,False,0.94,0.29
2026-03-06 19:09:55,14:09:55,"Bitcoin Up or Down - March 6, 2:05PM-2:10PM ET",buy,Up,0.75,0.0,-20.0,resolved-loss,159.0,82.2,133.8,7133.0,1192.0,2051.0,3.48,0.01,75,68250.0,68308.41,68275.58,25.58,0.0204,0.07,True,Up,tp,True,0.78,0.68
2026-03-06 19:13:32,14:13:32,"Bitcoin Up or Down - March 6, 2:10PM-2:15PM ET",buy,Up,0.78,0.94,4.1,tp,170.0,61.6,82.6,12583.0,3131.0,1506.0,8.36,0.01,78,68266.25,68323.22,68354.92,88.67,0.0113,0.02,False,Up,resolved-loss,False,0.94,0.38
2026-03-06 19:18:51,14:18:51,"Bitcoin Up or Down - March 6, 2:15PM-2:20PM ET",buy,Down,0.74,0.94,5.41,tp,120.0,175.0,175.0,5126.0,192.0,1269.0,4.04,0.02,74,68438.52,68394.87,68354.3,84.22,0.0106,0.02,False,Up,tp,False,0.57,0.94
2026-03-06 19:25:02,14:25:02,"Bitcoin Up or Down - March 6, 2:20PM-2:25PM ET",skip-no-leader,,0.0,0.0,0.0,skipped-no-leader,0.0,0,0,0.0,0.0,0.0,0,0.0,0,68443.46,0.0,68224.01,219.45,0.0057,0.03,False,Down,tp,False,0.27,0.99
2026-03-06 19:30:01,14:30:01,"Bitcoin Up or Down - March 6, 2:25PM-2:30PM ET",skip-choppy,,0.0,0.0,0.0,skipped-choppy,0.0,0,0,0.0,0.0,0.0,0,0.0,0,68224.01,0.0,68199.27,24.74,0.0113,0.03,False,Down,tp,True,0.67,0.75
2026-03-06 19:33:27,14:33:27,"Bitcoin Up or Down - March 6, 2:30PM-2:35PM ET",buy,Up,0.73,0.94,5.75,tp,113.0,102.8,113.1,7175.0,1294.0,1130.0,6.35,0.01,73,68199.27,68233.84,68267.19,67.92,0.012,0.03,False,Down,tp,False,0.94,0.56
2026-03-06 19:38:15,14:38:15,"Bitcoin Up or Down - March 6, 2:35PM-2:40PM ET",buy,Up,0.7,0.25,-12.86,sl,146.0,51.3,51.3,8486.0,34.0,1764.0,4.81,0.01,70,68238.17,68241.75,68170.0,68.17,0.0129,0.03,False,Up,tp,True,0.7,0.74
2026-03-06 19:44:36,14:44:36,"Bitcoin Up or Down - March 6, 2:40PM-2:45PM ET",buy,Up,0.89,0.16,-16.4,sl,178.0,61.6,61.6,13396.0,8299.0,906.0,14.79,0.01,89,68182.97,68305.72,68153.59,29.38,0.0133,0.04,False,Up,sl,True,0.92,0.83
2026-03-06 19:49:45,14:49:45,"Bitcoin Up or Down - March 6, 2:45PM-2:50PM ET",buy,Down,0.85,0.96,2.59,tp,128.0,71.9,82.2,13189.0,4095.0,824.0,16.01,0.01,85,68148.79,68060.48,68094.87,53.92,0.0136,0.03,False,Up,sl,False,0.46,0.96
2026-03-06 19:54:55,14:54:55,"Bitcoin Up or Down - March 6, 2:50PM-2:55PM ET",buy,Down,0.76,1.0,6.32,resolved-win,149.0,61.9,144.4,7684.0,1335.0,1197.0,6.42,0.03,76,68102.92,68017.98,68073.66,29.26,0.0143,0.04,True,Down,tp,False,0.48,0.87
2026-03-06 19:58:41,14:58:41,"Bitcoin Up or Down - March 6, 2:55PM-3:00PM ET",buy,Up,0.77,0.95,4.68,tp,171.0,61.5,61.5,12256.0,2622.0,2191.0,5.59,0.01,77,68073.88,68125.12,68155.9,82.02,0.0106,0.02,False,Down,resolved-win,False,0.95,0.24
2026-03-06 20:02:27,15:02:27,"Bitcoin Up or Down - March 6, 3:00PM-3:05PM ET",buy,Up,0.89,0.96,1.57,tp,173.0,61.6,82.2,11131.0,5796.0,780.0,14.27,0.01,89,68131.79,68245.13,68275.28,143.49,0.01,0.01,False,Up,tp,False,0.96,0.34
2026-03-06 20:10:00,15:10:00,"Bitcoin Up or Down - March 6, 3:05PM-3:10PM ET",skip-choppy,,0.0,0.0,0.0,skipped-choppy,0.0,0,0,0.0,0.0,0.0,0,0.0,0,68212.0,0.0,68186.81,25.19,0.0139,0.04,False,Up,tp,True,0.73,0.8
2026-03-06 20:15:09,15:15:09,"Bitcoin Up or Down - March 6, 3:10PM-3:15PM ET",skip-no-leader,,0.0,0.0,0.0,skipped-no-leader,0.0,0,0,0.0,0.0,0.0,0,0.0,0,68186.81,0.0,68018.08,168.73,0.0083,0.03,False,Up,tp,False,0.33,1.0
2026-03-06 20:17:13,15:17:13,"Bitcoin Up or Down - March 6, 3:15PM-3:20PM ET",buy,Up,0.9,0.94,0.89,tp,177.0,51.3,72.0,11593.0,6014.0,669.0,17.33,0.02,90,68018.08,68106.25,68123.53,105.45,0.0163,0.03,False,Up,tp,False,0.94,0.36
2026-03-06 20:25:07,15:25:07,"Bitcoin Up or Down - March 6, 3:20PM-3:25PM ET",skip-choppy,,0.0,0.0,0.0,skipped-choppy,0.0,0,0,0.0,0.0,0.0,0,0.0,0,68015.15,0.0,68031.64,16.49,0.0187,0.14,True,Up,tp,True,0.95,0.78
2026-03-06 20:30:05,15:30:05,"Bitcoin Up or Down - March 6, 3:25PM-3:30PM ET",skip-no-leader,,0.0,0.0,0.0,skipped-no-leader,0.0,0,0,0.0,0.0,0.0,0,0.0,0,68031.64,0.0,67830.4,201.24,0.0078,0.02,False,Up,tp,False,0.22,0.99
2026-03-06 20:39:32,15:39:32,"Bitcoin Up or Down - March 6, 3:35PM-3:40PM ET",buy,Up,0.7,0.97,7.71,tp,141.0,61.6,154.5,7306.0,29.0,1868.0,3.91,0.02,70,67834.16,67849.67,67909.99,75.83,0.011,0.02,False,Up,tp,False,0.97,0.51
2026-03-06 20:43:50,15:43:50,"Bitcoin Up or Down - March 6, 3:40PM-3:45PM ET",buy,Up,0.85,0.94,2.12,tp,173.0,61.5,61.5,9602.0,3598.0,855.0,11.23,0.01,85,67909.7,67996.0,68015.87,106.17,0.0106,0.02,False,Up,tp,False,0.94,0.26
2026-03-06 20:49:09,15:49:09,"Bitcoin Up or Down - March 6, 3:45PM-3:50PM ET",buy,Up,0.78,0.95,4.36,tp,174.0,61.5,71.9,12205.0,3433.0,1708.0,7.14,0.01,78,67985.71,68071.76,68099.99,114.28,0.0116,0.02,False,Up,tp,False,0.95,0.33
2026-03-06 20:53:58,15:53:58,"Bitcoin Up or Down - March 6, 3:50PM-3:55PM ET",buy,Up,0.71,0.26,-12.68,sl,103.0,196.0,196.0,7244.0,318.0,1681.0,4.31,0.01,71,68099.42,68128.94,68069.48,29.94,0.0117,0.02,False,Up,tp,True,0.71,0.73
2026-03-06 21:00:09,16:00:09,"Bitcoin Up or Down - March 6, 3:55PM-4:00PM ET",skip-choppy,,0.0,0.0,0.0,skipped-choppy,0.0,0,0,0.0,0.0,0.0,0,0.0,0,68118.91,0.0,68116.74,2.17,0.0283,0.3,True,Up,sl,True,0.81,0.83
2026-03-06 21:05:08,16:05:08,"Bitcoin Up or Down - March 6, 4:00PM-4:05PM ET",skip-choppy,,0.0,0.0,0.0,skipped-choppy,0.0,0,0,0.0,0.0,0.0,0,0.0,0,68116.74,0.0,68144.46,27.72,0.0108,0.02,False,Up,sl,True,0.99,0.62
2026-03-06 21:09:57,16:09:57,"Bitcoin Up or Down - March 6, 4:05PM-4:10PM ET",buy,Up,0.71,1.0,8.17,resolved-win,116.0,175.3,175.3,8413.0,290.0,2901.0,2.9,0.01,71,68144.46,68184.25,68172.0,27.54,0.0158,0.13,True,Up,sl,False,0.71,0.53
2026-03-06 21:15:06,16:15:06,"Bitcoin Up or Down - March 6, 4:10PM-4:15PM ET",skip-no-leader,,0.0,0.0,0.0,skipped-no-leader,0.0,0,0,0.0,0.0,0.0,0,0.0,0,68149.55,0.0,68163.99,14.44,0.0104,0.02,False,Up,resolved-win,False,0.54,0.95
2026-03-06 21:20:05,16:20:05,"Bitcoin Up or Down - March 6, 4:15PM-4:20PM ET",skip-choppy,,0.0,0.0,0.0,skipped-choppy,0.0,0,0,0.0,0.0,0.0,0,0.0,0,68163.99,0.0,68141.21,22.78,0.0204,0.12,True,Up,resolved-win,True,0.67,0.64
2026-03-06 21:24:33,16:24:33,"Bitcoin Up or Down - March 6, 4:20PM-4:25PM ET",buy,Down,0.74,0.97,6.22,tp,140.0,61.7,154.5,4355.0,101.0,1408.0,3.09,0.01,74,68141.21,68085.03,68066.38,74.83,0.0138,0.07,False,Up,resolved-win,False,0.46,0.97
2026-03-06 21:30:03,16:30:03,"Bitcoin Up or Down - March 6, 4:25PM-4:30PM ET",skip-choppy,,0.0,0.0,0.0,skipped-choppy,0.0,0,0,0.0,0.0,0.0,0,0.0,0,67958.6,0.0,67992.39,33.79,0.0174,0.07,True,Down,tp,True,0.85,0.64
2026-03-06 21:37:26,16:37:26,"Bitcoin Up or Down - March 6, 4:35PM-4:40PM ET",buy,Up,0.87,0.94,1.61,tp,174.0,61.6,61.6,7854.0,2595.0,793.0,9.9,0.01,87,68017.51,68087.98,68093.78,76.27,0.0111,0.02,False,Down,tp,False,0.94,0.27
2026-03-06 21:43:57,16:43:57,"Bitcoin Up or Down - March 6, 4:40PM-4:45PM ET",buy,Up,0.72,0.95,6.39,tp,176.0,61.6,82.2,6829.0,237.0,1286.0,5.31,0.01,72,68143.45,68176.65,68213.86,70.41,0.01,0.01,False,Up,tp,False,0.95,0.37
2026-03-06 21:49:38,16:49:38,"Bitcoin Up or Down - March 6, 4:45PM-4:50PM ET",buy,Up,0.71,0.94,6.48,tp,104.0,82.5,92.8,5481.0,29.0,1260.0,4.35,0.02,71,68238.57,68253.63,68282.23,43.66,0.0141,0.03,True,Up,tp,False,0.94,0.51
2026-03-06 21:54:27,16:54:27,"Bitcoin Up or Down - March 6, 4:50PM-4:55PM ET",buy,Up,0.71,0.09,-17.46,sl,136.0,51.5,154.8,5148.0,295.0,1337.0,3.85,0.01,71,68275.4,68312.22,68246.81,28.59,0.011,0.02,False,Up,tp,True,0.82,0.9
2026-03-06 22:00:08,17:00:08,"Bitcoin Up or Down - March 6, 4:55PM-5:00PM ET",skip-choppy,,0.0,0.0,0.0,skipped-choppy,0.0,0,0,0.0,0.0,0.0,0,0.0,0,68209.6,0.0,68274.19,64.59,0.0113,0.04,False,Up,sl,True,0.98,0.61
2026-03-06 22:04:46,17:04:46,"Bitcoin Up or Down - March 6, 5:00PM-5:05PM ET",buy,Up,0.71,0.98,7.61,tp,148.0,82.4,144.4,4678.0,67.0,1225.0,3.82,0.01,71,68274.19,68321.92,68360.03,85.84,0.0132,0.04,False,Up,sl,False,0.98,0.48
2026-03-06 22:10:06,17:10:06,"Bitcoin Up or Down - March 6, 5:05PM-5:10PM ET",skip-choppy,,0.0,0.0,0.0,skipped-choppy,0.0,0,0,0.0,0.0,0.0,0,0.0,0,68345.97,0.0,68316.24,29.73,0.0222,0.13,True,Up,tp,True,0.69,0.77
2026-03-06 22:14:56,17:14:56,"Bitcoin Up or Down - March 6, 5:10PM-5:15PM ET",buy,Down,0.73,1.0,7.4,resolved-win,107.0,82.4,185.9,4132.0,48.0,1398.0,2.96,0.01,73,68316.24,68280.81,68304.61,11.63,0.0113,0.02,False,Up,tp,False,0.49,0.95
2026-03-06 22:20:06,17:20:06,"Bitcoin Up or Down - March 6, 5:15PM-5:20PM ET",skip-choppy,,0.0,0.0,0.0,skipped-choppy,0.0,0,0,0.0,0.0,0.0,0,0.0,0,68290.97,0.0,68340.29,49.32,0.013,0.05,False,Down,resolved-win,True,0.98,0.61
2026-03-06 22:25:05,17:25:05,"Bitcoin Up or Down - March 6, 5:20PM-5:25PM ET",skip-choppy,,0.0,0.0,0.0,skipped-choppy,0.0,0,0,0.0,0.0,0.0,0,0.0,0,68340.29,0.0,68318.31,21.98,0.0126,0.03,False,Down,resolved-win,True,0.68,0.96
2026-03-06 22:30:05,17:30:05,"Bitcoin Up or Down - March 6, 5:25PM-5:30PM ET",skip-no-leader,,0.0,0.0,0.0,skipped-no-leader,0.0,0,0,0.0,0.0,0.0,0,0.0,0,68318.31,0.0,68296.64,21.67,0.0174,0.06,True,Down,resolved-win,False,0.57,0.78
2026-03-06 22:40:03,17:40:03,"Bitcoin Up or Down - March 6, 5:35PM-5:40PM ET",skip-choppy,,0.0,0.0,0.0,skipped-choppy,0.0,0,0,0.0,0.0,0.0,0,0.0,0,68267.83,0.0,68311.13,43.3,0.017,0.09,True,Down,resolved-win,True,0.94,0.69
2026-03-06 22:43:40,17:43:40,"Bitcoin Up or Down - March 6, 5:40PM-5:45PM ET",buy,Up,0.86,0.97,2.56,tp,172.0,82.4,82.4,11183.0,4142.0,910.0,12.3,0.01,86,68311.13,68372.27,68410.59,99.46,0.0119,0.03,False,Down,resolved-win,False,0.97,0.54
2026-03-06 22:49:20,17:49:20,"Bitcoin Up or Down - March 6, 5:45PM-5:50PM ET",buy,Up,0.77,0.94,4.42,tp,163.0,103.1,113.5,7456.0,2217.0,961.0,7.76,0.07,77,68369.45,68424.36,68423.88,54.43,0.0165,0.07,False,Up,tp,False,0.94,0.44
2026-03-06 22:55:00,17:55:00,"Bitcoin Up or Down - March 6, 5:50PM-5:55PM ET",skip-choppy,,0.0,0.0,0.0,skipped-choppy,0.0,0,0,0.0,0.0,0.0,0,0.0,0,68419.95,0.0,68435.78,15.83,0.0143,0.05,False,Up,tp,True,0.87,0.61
2026-03-06 23:00:09,18:00:09,"Bitcoin Up or Down - March 6, 5:55PM-6:00PM ET",skip-choppy,,0.0,0.0,0.0,skipped-choppy,0.0,0,0,0.0,0.0,0.0,0,0.0,0,68435.78,0.0,68319.32,116.46,0.0138,0.05,True,Up,tp,True,0.6,0.99
2026-03-06 23:05:08,18:05:08,"Bitcoin Up or Down - March 6, 6:00PM-6:05PM ET",skip-choppy,,0.0,0.0,0.0,skipped-choppy,0.0,0,0,0.0,0.0,0.0,0,0.0,0,68319.32,0.0,68320.49,1.17,0.0208,0.12,True,Up,tp,True,0.93,0.64
2026-03-06 23:10:07,18:10:07,"Bitcoin Up or Down - March 6, 6:05PM-6:10PM ET",skip-no-leader,,0.0,0.0,0.0,skipped-no-leader,0.0,0,0,0.0,0.0,0.0,0,0.0,0,68320.49,0.0,68284.4,36.09,0.0143,0.04,True,Up,tp,False,0.49,0.97
2026-03-06 23:14:46,18:14:46,"Bitcoin Up or Down - March 6, 6:10PM-6:15PM ET",buy,Down,0.78,0.15,-16.15,sl,148.0,61.6,82.2,6916.0,933.0,1388.0,4.98,0.01,78,68284.4,68274.35,68339.34,54.94,0.0109,0.02,False,Up,tp,True,0.84,0.78
2026-03-06 23:20:05,18:20:05,"Bitcoin Up or Down - March 6, 6:15PM-6:20PM ET",skip-choppy,,0.0,0.0,0.0,skipped-choppy,0.0,0,0,0.0,0.0,0.0,0,0.0,0,68334.54,0.0,68350.88,16.34,0.0117,0.03,False,Down,sl,True,0.97,0.61
2026-03-06 23:25:04,18:25:04,"Bitcoin Up or Down - March 6, 6:20PM-6:25PM ET",skip-choppy,,0.0,0.0,0.0,skipped-choppy,0.0,0,0,0.0,0.0,0.0,0,0.0,0,68350.88,0.0,68333.51,17.37,0.0143,0.06,True,Down,sl,True,0.64,0.9
2026-03-06 23:29:42,18:29:42,"Bitcoin Up or Down - March 6, 6:25PM-6:30PM ET",buy,Down,0.76,0.94,4.74,tp,90.0,195.6,205.9,9314.0,1243.0,1033.0,9.02,0.01,76,68333.51,68323.23,68306.92,26.59,0.0109,0.02,False,Down,sl,False,0.58,0.94
2026-03-06 23:35:01,18:35:01,"Bitcoin Up or Down - March 6, 6:30PM-6:35PM ET",skip-choppy,,0.0,0.0,0.0,skipped-choppy,0.0,0,0,0.0,0.0,0.0,0,0.0,0,68340.7,0.0,68329.91,10.79,0.023,0.25,True,Down,tp,True,0.6,0.64
2026-03-06 23:38:48,18:38:48,"Bitcoin Up or Down - March 6, 6:35PM-6:40PM ET",buy,Down,0.72,0.97,6.94,tp,175.0,61.6,61.6,4535.0,469.0,1247.0,3.64,0.01,71,68329.91,68244.18,68240.47,89.44,0.0106,0.02,False,Down,tp,False,0.34,0.97
2026-03-06 23:45:09,18:45:09,"Bitcoin Up or Down - March 6, 6:40PM-6:45PM ET",skip-choppy,,0.0,0.0,0.0,skipped-choppy,0.0,0,0,0.0,0.0,0.0,0,0.0,0,68238.81,0.0,68218.45,20.36,0.0246,0.16,True,Down,tp,True,0.79,0.65
2026-03-06 23:50:07,18:50:07,"Bitcoin Up or Down - March 6, 6:45PM-6:50PM ET",skip-choppy,,0.0,0.0,0.0,skipped-choppy,0.0,0,0,0.0,0.0,0.0,0,0.0,0,68218.45,0.0,68224.41,5.96,0.0158,0.08,True,Down,tp,True,0.61,0.91
2026-03-06 23:54:41,18:54:41,"Bitcoin Up or Down - March 6, 6:50PM-6:55PM ET",buy,Down,0.7,0.98,8.0,tp,91.0,92.6,200.8,5621.0,35.0,1318.0,4.27,0.01,70,68224.41,68149.92,68131.41,93.0,0.0138,0.04,True,Down,tp,False,0.51,0.98
2026-03-07 00:00:01,19:00:01,"Bitcoin Up or Down - March 6, 6:55PM-7:00PM ET",skip-choppy,,0.0,0.0,0.0,skipped-choppy,0.0,0,0,0.0,0.0,0.0,0,0.0,0,68134.83,0.0,68113.96,20.87,0.0148,0.05,True,Down,tp,True,0.83,0.71
2026-03-07 00:10:00,19:10:00,"Bitcoin Up or Down - March 6, 7:05PM-7:10PM ET",skip-no-leader,,0.0,0.0,0.0,skipped-no-leader,0.0,0,0,0.0,0.0,0.0,0,0.0,0,68129.75,0.0,68222.19,92.44,0.0117,0.03,False,Down,tp,False,0.98,0.3
2026-03-07 00:15:00,19:15:00,"Bitcoin Up or Down - March 6, 7:10PM-7:15PM ET",skip-no-leader,,0.0,0.0,0.0,skipped-no-leader,0.0,0,0,0.0,0.0,0.0,0,0.0,0,68222.19,0.0,68214.04,8.15,0.0309,0.46,True,Down,tp,False,0.71,0.44
2026-03-07 00:19:59,19:19:59,"Bitcoin Up or Down - March 6, 7:15PM-7:20PM ET",buy,Up,0.75,1.0,6.67,resolved-win,114.0,175.4,185.7,5983.0,1133.0,887.0,6.75,0.01,75,68214.04,68220.45,68227.76,13.72,0.0104,0.02,False,Down,tp,False,0.99,0.53
2026-03-07 00:24:58,19:24:58,"Bitcoin Up or Down - March 6, 7:20PM-7:25PM ET",buy,Down,0.71,0.0,-20.0,resolved-loss,177.0,61.8,92.8,2522.0,130.0,951.0,2.65,0.02,68,68225.06,68124.51,68241.0,15.94,0.0158,0.06,True,Up,resolved-win,True,0.73,0.73
2026-03-07 00:30:08,19:30:08,"Bitcoin Up or Down - March 6, 7:25PM-7:30PM ET",skip-choppy,,0.0,0.0,0.0,skipped-choppy,0.0,0,0,0.0,0.0,0.0,0,0.0,0,68205.25,0.0,68215.54,10.29,0.0129,0.05,False,Down,resolved-loss,True,0.68,0.97
2026-03-07 00:32:32,19:32:32,"Bitcoin Up or Down - March 6, 7:30PM-7:35PM ET",buy,Up,0.84,0.96,2.86,tp,178.0,72.0,92.7,8647.0,3078.0,771.0,11.21,0.01,84,68215.54,68288.48,68333.0,117.46,0.01,0.01,False,Down,resolved-loss,False,0.96,0.41
2026-03-07 00:39:55,19:39:55,"Bitcoin Up or Down - March 6, 7:35PM-7:40PM ET",buy,Down,0.73,1.0,7.4,resolved-win,138.0,113.3,154.6,6934.0,681.0,1129.0,6.14,0.01,73,68305.88,68268.0,68290.95,14.93,0.0139,0.05,False,Up,tp,False,0.56,0.93
2026-03-07 00:44:55,19:44:55,"Bitcoin Up or Down - March 6, 7:40PM-7:45PM ET",buy,Up,0.82,1.0,4.39,resolved-win,170.0,61.6,82.3,6861.0,2015.0,1033.0,6.64,0.01,82,68290.95,68332.0,68297.83,6.88,0.013,0.07,True,Down,resolved-win,False,0.83,0.54
2026-03-07 00:54:42,19:54:42,"Bitcoin Up or Down - March 6, 7:50PM-7:55PM ET",buy,Up,0.7,0.94,6.86,tp,141.0,61.6,154.3,7049.0,133.0,1425.0,4.95,0.01,70,68315.31,68340.32,68358.33,43.02,0.0105,0.02,False,Up,resolved-win,False,0.94,0.39
2026-03-07 00:59:41,19:59:41,"Bitcoin Up or Down - March 6, 7:55PM-8:00PM ET",buy,Down,0.74,0.96,5.95,tp,101.0,175.3,195.9,3026.0,571.0,1074.0,2.82,0.01,74,68352.53,68313.02,68313.21,39.32,0.015,0.07,False,Up,tp,False,0.51,0.96
2026-03-07 01:03:07,20:03:07,"Bitcoin Up or Down - March 6, 8:00PM-8:05PM ET",buy,Up,0.83,0.94,2.65,tp,174.0,61.5,71.8,7330.0,2394.0,866.0,8.46,0.01,83,68290.46,68338.56,68352.52,62.06,0.0131,0.03,False,Down,tp,False,0.94,0.3
2026-03-07 01:09:58,20:09:58,"Bitcoin Up or Down - March 6, 8:05PM-8:10PM ET",buy,Down,0.75,1.0,6.67,resolved-win,176.0,71.9,82.2,6675.0,1430.0,1312.0,5.09,0.01,75,68353.0,68308.01,68327.8,25.2,0.0113,0.02,False,Up,tp,False,0.41,0.99
2026-03-07 01:13:25,20:13:25,"Bitcoin Up or Down - March 6, 8:10PM-8:15PM ET",buy,Down,0.71,0.96,7.04,tp,178.0,102.8,113.1,5957.0,101.0,1439.0,4.14,0.01,71,68354.8,68292.65,68249.92,104.88,0.01,0.01,False,Down,resolved-win,False,0.54,0.96
2026-03-07 01:20:06,20:20:06,"Bitcoin Up or Down - March 6, 8:15PM-8:20PM ET",skip-choppy,,0.0,0.0,0.0,skipped-choppy,0.0,0,0,0.0,0.0,0.0,0,0.0,0,68245.25,0.0,68234.05,11.2,0.0187,0.11,True,Down,tp,True,0.88,0.62
2026-03-07 01:25:05,20:25:05,"Bitcoin Up or Down - March 6, 8:20PM-8:25PM ET",skip-choppy,,0.0,0.0,0.0,skipped-choppy,0.0,0,0,0.0,0.0,0.0,0,0.0,0,68234.05,0.0,68190.14,43.91,0.0126,0.04,True,Down,tp,True,0.62,0.91
2026-03-07 01:29:53,20:29:53,"Bitcoin Up or Down - March 6, 8:25PM-8:30PM ET",buy,Up,0.84,0.96,2.86,tp,68.0,92.5,92.5,6240.0,1705.0,716.0,8.72,0.01,84,68190.14,68221.01,68225.06,34.92,0.0135,0.05,False,Down,tp,False,0.96,0.57
2026-03-07 01:39:30,20:39:30,"Bitcoin Up or Down - March 6, 8:35PM-8:40PM ET",buy,Up,0.76,0.96,5.26,tp,154.0,71.9,113.1,7258.0,432.0,850.0,8.54,0.04,75,68210.0,68234.0,68254.36,44.36,0.0138,0.05,False,Up,tp,False,0.96,0.44
2026-03-07 01:45:00,20:45:00,"Bitcoin Up or Down - March 6, 8:40PM-8:45PM ET",skip-choppy,,0.0,0.0,0.0,skipped-choppy,0.0,0,0,0.0,0.0,0.0,0,0.0,0,68237.64,0.0,68273.31,35.67,0.0161,0.06,False,Up,tp,True,0.67,0.66
2026-03-07 01:49:38,20:49:38,"Bitcoin Up or Down - March 6, 8:45PM-8:50PM ET",buy,Up,0.74,0.94,5.41,tp,73.0,174.9,226.5,10593.0,344.0,726.0,14.59,0.01,74,68273.31,68273.88,68276.92,3.61,0.0109,0.02,False,Up,tp,False,0.94,0.53
2026-03-07 01:54:16,20:54:16,"Bitcoin Up or Down - March 6, 8:50PM-8:55PM ET",buy,Up,0.75,0.96,5.6,tp,178.0,51.3,61.6,5357.0,648.0,1523.0,3.52,0.01,75,68286.1,68320.25,68320.25,34.15,0.011,0.02,False,Up,tp,False,0.96,0.36
2026-03-07 01:59:35,20:59:35,"Bitcoin Up or Down - March 6, 8:55PM-9:00PM ET",buy,Down,0.7,0.98,8.0,tp,179.0,102.8,113.1,7112.0,36.0,2011.0,3.54,0.01,70,68329.02,68292.08,68276.94,52.08,0.0119,0.03,False,Up,tp,False,0.45,0.98
2026-03-07 02:04:44,21:04:44,"Bitcoin Up or Down - March 6, 9:00PM-9:05PM ET",buy,Down,0.71,0.27,-12.39,sl,170.0,92.5,102.8,4880.0,60.0,1483.0,3.29,0.01,70,68257.06,68218.02,68251.49,5.57,0.0182,0.09,True,Down,tp,True,0.72,0.76
2026-03-07 02:10:03,21:10:03,"Bitcoin Up or Down - March 6, 9:05PM-9:10PM ET",skip-choppy,,0.0,0.0,0.0,skipped-choppy,0.0,0,0,0.0,0.0,0.0,0,0.0,0,68243.62,0.0,68273.09,29.47,0.0165,0.07,True,Down,sl,True,0.88,0.62
2026-03-07 02:14:00,21:14:00,"Bitcoin Up or Down - March 6, 9:10PM-9:15PM ET",buy,Up,0.72,0.21,-14.17,sl,162.0,92.6,133.9,5628.0,396.0,1218.0,4.62,0.01,72,68273.09,68289.1,68285.0,11.91,0.0144,0.04,True,Down,sl,True,0.72,0.76
2026-03-07 02:20:02,21:20:02,"Bitcoin Up or Down - March 6, 9:15PM-9:20PM ET",skip-choppy,,0.0,0.0,0.0,skipped-choppy,0.0,0,0,0.0,0.0,0.0,0,0.0,0,68240.08,0.0,68232.65,7.43,0.03,0.36,True,Up,sl,True,0.66,0.96
2026-03-07 02:25:01,21:25:01,"Bitcoin Up or Down - March 6, 9:20PM-9:25PM ET",skip-choppy,,0.0,0.0,0.0,skipped-choppy,0.0,0,0,0.0,0.0,0.0,0,0.0,0,68232.65,0.0,68142.17,90.48,0.01,0.07,False,Up,sl,True,0.67,0.99
2026-03-07 02:30:10,21:30:10,"Bitcoin Up or Down - March 6, 9:25PM-9:30PM ET",skip-choppy,,0.0,0.0,0.0,skipped-choppy,0.0,0,0,0.0,0.0,0.0,0,0.0,0,68142.17,0.0,68107.01,35.16,0.0121,0.03,False,Up,sl,True,0.61,0.99
2026-03-07 02:34:17,21:34:17,"Bitcoin Up or Down - March 6, 9:30PM-9:35PM ET",buy,Up,0.72,0.94,6.11,tp,156.0,82.4,133.9,9248.0,636.0,1303.0,7.09,0.01,72,68107.01,68121.12,68136.42,29.41,0.01,0.01,False,Up,sl,False,0.94,0.46
2026-03-07 02:40:07,21:40:07,"Bitcoin Up or Down - March 6, 9:35PM-9:40PM ET",skip-choppy,,0.0,0.0,0.0,skipped-choppy,0.0,0,0,0.0,0.0,0.0,0,0.0,0,68121.08,0.0,68151.27,30.19,0.0179,0.06,True,Up,tp,True,0.88,0.69
2026-03-07 02:43:44,21:43:44,"Bitcoin Up or Down - March 6, 9:40PM-9:45PM ET",buy,Up,0.74,0.94,5.41,tp,169.0,61.6,71.9,6138.0,478.0,1191.0,5.15,0.01,74,68151.27,68183.69,68193.19,41.92,0.0138,0.04,False,Up,tp,False,0.94,0.37
2026-03-07 02:48:21,21:48:21,"Bitcoin Up or Down - March 6, 9:45PM-9:50PM ET",buy,Up,0.81,0.94,3.21,tp,171.0,71.8,123.3,7383.0,2443.0,914.0,8.08,0.01,81,68166.88,68194.55,68196.59,29.71,0.0129,0.04,False,Up,tp,False,0.94,0.44
2026-03-07 02:54:31,21:54:31,"Bitcoin Up or Down - March 6, 9:50PM-9:55PM ET",buy,Up,0.74,0.97,6.22,tp,172.0,61.5,61.5,5787.0,650.0,1179.0,4.91,0.02,74,68206.15,68256.58,68248.77,42.62,0.0138,0.04,True,Up,tp,False,0.97,0.34
2026-03-07 02:58:18,21:58:18,"Bitcoin Up or Down - March 6, 9:55PM-10:00PM ET",buy,Up,0.72,0.95,6.39,tp,174.0,82.1,113.0,10964.0,559.0,1183.0,9.27,0.01,72,68233.0,68245.11,68298.95,65.95,0.0121,0.03,False,Up,tp,False,0.95,0.42
2026-03-07 03:08:36,22:08:36,"Bitcoin Up or Down - March 6, 10:05PM-10:10PM ET",buy,Up,0.8,0.94,3.5,tp,146.0,144.0,154.3,12410.0,1610.0,553.0,22.44,0.01,78,68365.83,68387.37,68420.95,55.12,0.0125,0.03,False,Up,tp,False,0.94,0.59
2026-03-07 03:13:44,22:13:44,"Bitcoin Up or Down - March 6, 10:10PM-10:15PM ET",buy,Down,0.71,0.16,-15.49,sl,116.0,61.5,174.9,5760.0,553.0,1343.0,4.29,0.02,71,68386.64,68365.03,68443.76,57.12,0.0125,0.04,False,Up,tp,True,0.83,0.71
2026-03-07 03:17:20,22:17:20,"Bitcoin Up or Down - March 6, 10:15PM-10:20PM ET",buy,Down,0.83,0.94,2.65,tp,170.0,61.5,92.4,4260.0,1976.0,791.0,5.38,0.01,83,68492.01,68406.01,68372.47,119.54,0.015,0.03,False,Down,sl,False,0.35,0.94
2026-03-07 03:25:03,22:25:03,"Bitcoin Up or Down - March 6, 10:20PM-10:25PM ET",skip-choppy,,0.0,0.0,0.0,skipped-choppy,0.0,0,0,0.0,0.0,0.0,0,0.0,0,68340.54,0.0,68298.09,42.45,0.0187,0.06,False,Down,tp,True,0.61,0.97
2026-03-07 03:30:02,22:30:02,"Bitcoin Up or Down - March 6, 10:25PM-10:30PM ET",skip-choppy,,0.0,0.0,0.0,skipped-choppy,0.0,0,0,0.0,0.0,0.0,0,0.0,0,68298.09,0.0,68233.8,64.29,0.0122,0.03,False,Down,tp,True,0.78,0.99
2026-03-07 03:35:00,22:35:00,"Bitcoin Up or Down - March 6, 10:30PM-10:35PM ET",skip-choppy,,0.0,0.0,0.0,skipped-choppy,0.0,0,0,0.0,0.0,0.0,0,0.0,0,68233.8,0.0,68230.71,3.09,0.0178,0.06,True,Down,tp,True,0.87,0.89
2026-03-07 03:39:18,22:39:18,"Bitcoin Up or Down - March 6, 10:35PM-10:40PM ET",buy,Up,0.82,0.22,-14.63,sl,155.0,61.6,144.1,8071.0,3265.0,900.0,8.97,0.01,82,68230.71,68258.09,68229.2,1.51,0.0115,0.02,False,Down,tp,True,0.89,0.77
2026-03-07 03:45:09,22:45:09,"Bitcoin Up or Down - March 6, 10:40PM-10:45PM ET",skip-no-leader,,0.0,0.0,0.0,skipped-no-leader,0.0,0,0,0.0,0.0,0.0,0,0.0,0,68191.11,0.0,68175.9,15.21,0.0146,0.04,False,Up,sl,False,0.59,0.98
2026-03-07 03:49:27,22:49:27,"Bitcoin Up or Down - March 6, 10:45PM-10:50PM ET",buy,Up,0.73,0.97,6.58,tp,177.0,61.8,113.4,7675.0,563.0,1147.0,6.69,0.01,73,68175.9,68192.43,68209.87,33.97,0.0148,0.08,False,Up,sl,False,0.97,0.5
2026-03-07 03:53:14,22:53:14,"Bitcoin Up or Down - March 6, 10:50PM-10:55PM ET",buy,Down,0.74,0.95,5.68,tp,167.0,82.4,123.7,4810.0,911.0,1355.0,3.55,0.01,72,68180.74,68129.83,68101.17,79.57,0.0129,0.03,False,Up,tp,False,0.42,0.95
2026-03-07 04:00:07,23:00:07,"Bitcoin Up or Down - March 6, 10:55PM-11:00PM ET",skip-choppy,,0.0,0.0,0.0,skipped-choppy,0.0,0,0,0.0,0.0,0.0,0,0.0,0,68122.6,0.0,68106.49,16.11,0.0126,0.04,True,Down,tp,True,0.71,0.89
2026-03-07 04:03:23,23:03:23,"Bitcoin Up or Down - March 6, 11:00PM-11:05PM ET",buy,Down,0.71,0.97,7.32,tp,117.0,175.5,175.5,5445.0,116.0,642.0,8.48,0.05,71,68106.49,68031.98,67926.58,179.91,0.0157,0.05,True,Down,tp,False,0.56,0.97
2026-03-07 04:08:32,23:08:32,"Bitcoin Up or Down - March 6, 11:05PM-11:10PM ET",buy,Up,0.75,0.95,5.33,tp,170.0,72.0,72.0,6785.0,975.0,1261.0,5.38,0.01,75,67926.6,67955.8,67968.28,41.68,0.0127,0.04,False,Down,tp,False,0.95,0.42
2026-03-07 04:13:41,23:13:41,"Bitcoin Up or Down - March 6, 11:10PM-11:15PM ET",buy,Up,0.9,0.95,1.11,tp,161.0,62.0,62.0,9469.0,4123.0,625.0,15.15,0.01,90,67886.69,67965.01,67961.3,74.61,0.0106,0.02,False,Up,tp,False,0.95,0.28
2026-03-07 04:18:30,23:18:30,"Bitcoin Up or Down - March 6, 11:15PM-11:20PM ET",buy,Up,0.83,0.94,2.65,tp,172.0,61.7,61.7,8470.0,3228.0,735.0,11.53,0.01,83,67941.93,68003.76,67996.26,54.33,0.0107,0.02,False,Up,tp,False,0.94,0.24
2026-03-07 04:25:02,23:25:02,"Bitcoin Up or Down - March 6, 11:20PM-11:25PM ET",skip-choppy,,0.0,0.0,0.0,skipped-choppy,0.0,0,0,0.0,0.0,0.0,0,0.0,0,68016.77,0.0,68048.92,32.15,0.0117,0.05,False,Up,tp,True,0.97,0.71
2026-03-07 04:29:51,23:29:51,"Bitcoin Up or Down - March 6, 11:25PM-11:30PM ET",buy,Down,0.74,0.97,6.22,tp,111.0,186.4,186.4,5876.0,133.0,410.0,14.35,0.02,74,68048.92,68044.09,68030.13,18.79,0.013,0.05,False,Up,tp,False,0.56,0.97
2026-03-07 04:35:01,23:35:01,"Bitcoin Up or Down - March 6, 11:30PM-11:35PM ET",skip-choppy,,0.0,0.0,0.0,skipped-choppy,0.0,0,0,0.0,0.0,0.0,0,0.0,0,68028.25,0.0,67973.33,54.92,0.0139,0.06,False,Down,tp,True,0.61,0.98
2026-03-07 04:38:17,23:38:17,"Bitcoin Up or Down - March 6, 11:35PM-11:40PM ET",buy,Up,0.75,0.97,5.87,tp,165.0,61.7,61.7,2639.0,591.0,1097.0,2.41,0.01,75,67973.33,68039.16,68083.77,110.44,0.0107,0.02,False,Down,tp,False,0.97,0.4
2026-03-07 04:44:38,23:44:38,"Bitcoin Up or Down - March 6, 11:40PM-11:45PM ET",buy,Up,0.7,0.97,7.71,tp,156.0,61.6,71.9,5348.0,182.0,1576.0,3.39,0.01,70,68118.91,68141.7,68131.14,12.23,0.0136,0.04,False,Up,tp,True,0.97,0.6
2026-03-07 04:49:57,23:49:57,"Bitcoin Up or Down - March 6, 11:45PM-11:50PM ET",buy,Down,0.74,1.0,7.03,resolved-win,178.0,51.3,92.6,4890.0,1178.0,1238.0,3.95,0.01,74,68132.73,68103.35,68104.74,27.99,0.0108,0.03,True,Up,tp,False,0.37,0.98
2026-03-07 04:55:06,23:55:06,"Bitcoin Up or Down - March 6, 11:50PM-11:55PM ET",skip-choppy,,0.0,0.0,0.0,skipped-choppy,0.0,0,0,0.0,0.0,0.0,0,0.0,0,68104.74,0.0,68078.55,26.19,0.0104,0.02,False,Down,resolved-win,True,0.91,0.94
2026-03-07 05:00:05,00:00:05,"Bitcoin Up or Down - March 6, 11:55PM-12:00AM ET",skip-choppy,,0.0,0.0,0.0,skipped-choppy,0.0,0,0,0.0,0.0,0.0,0,0.0,0,68078.55,0.0,68063.42,15.13,0.013,0.05,True,Down,resolved-win,True,0.77,0.95
2026-03-07 05:04:33,00:04:33,"Bitcoin Up or Down - March 7, 12:00AM-12:05AM ET",buy,Up,0.79,0.97,4.56,tp,171.0,61.6,72.0,6409.0,1812.0,1048.0,6.11,0.01,79,68063.42,68103.21,68109.49,46.07,0.0105,0.02,False,Down,resolved-win,False,0.97,0.31
2026-03-07 05:15:02,00:15:02,"Bitcoin Up or Down - March 7, 12:10AM-12:15AM ET",skip-no-leader,,0.0,0.0,0.0,skipped-no-leader,0.0,0,0,0.0,0.0,0.0,0,0.0,0,68098.2,0.0,68005.04,93.16,0.008,0.01,False,Up,tp,False,0.15,1.0
2026-03-07 05:18:59,00:18:59,"Bitcoin Up or Down - March 7, 12:15AM-12:20AM ET",buy,Down,0.73,0.96,6.3,tp,174.0,113.2,113.2,3903.0,494.0,1129.0,3.46,0.02,73,68005.04,67953.65,67954.98,50.06,0.0111,0.02,False,Up,tp,False,0.58,0.96
2026-03-07 05:23:26,00:23:26,"Bitcoin Up or Down - March 7, 12:20AM-12:25AM ET",buy,Up,0.7,0.94,6.86,tp,155.0,133.8,144.1,6025.0,78.0,1198.0,5.03,0.01,70,67943.72,67970.74,68000.0,56.28,0.01,0.01,False,Down,tp,False,0.94,0.45
